cement,slag,flyash,water,superplasticizer,coarseaggregate,fineaggregate,age,csMPa
2.506119802311017,-0.8364690620990217,-0.8653626019282094,-0.9411282432316365,-0.5969034381070756,0.8463083251585701,-1.2040693923666843,-0.2803121270531477,79.99
2.506119802311017,-0.8364690620990217,-0.8653626019282094,-0.9411282432316365,-0.5969034381070756,1.039754554354738,-1.2040693923666843,-0.2803121270531477,61.89
0.5165342405527195,0.8180514201142478,-0.8653626019282094,2.153087862224661,-1.0194424670843056,-0.5465045250538386,-2.2252416427147943,3.518568538309387,40.27
0.5165342405527195,0.8180514201142478,-0.8653626019282094,2.153087862224661,-1.0194424670843056,-0.5465045250538386,-2.2252416427147943,5.009864667274018,41.05
-0.7673477195409483,0.7007836526029916,-0.8653626019282094,0.46533362288486246,-1.0194424670843056,0.05188914392630703,0.6577019664996869,4.9313753973285115,44.3
-0.12109197562524093,0.4871473236715939,-0.8653626019282094,2.153087862224661,-1.0194424670843056,-0.5465045250538386,-1.278789313123863,0.692954820271138,47.03
0.9719815378226913,0.2665445927098246,-0.8653626019282094,2.153087862224661,-1.0194424670843056,-0.5465045250538386,-2.2252416427147943,5.009864667274018,43.7
0.9719815378226913,0.2665445927098246,-0.8653626019282094,2.153087862224661,-1.0194424670843056,-0.5465045250538386,-2.2252416427147943,-0.2803121270531477,36.45
-0.12109197562524093,0.4871473236715939,-0.8653626019282094,2.153087862224661,-1.0194424670843056,-0.5465045250538386,-1.278789313123863,-0.2803121270531477,45.85
1.8828761323626346,-0.8364690620990217,-0.8653626019282094,2.153087862224661,-1.0194424670843056,-0.5465045250538386,-2.2252416427147943,-0.2803121270531477,39.29
-0.7673477195409483,0.7007836526029916,-0.8653626019282094,0.46533362288486246,-1.0194424670843056,0.05188914392630703,0.6577019664996869,0.692954820271138,38.07
-0.7673477195409483,0.7007836526029916,-0.8653626019282094,0.46533362288486246,-1.0194424670843056,0.05188914392630703,0.6577019664996869,-0.2803121270531477,28.02
1.427428835092663,-0.2849622346945985,-0.8653626019282094,2.153087862224661,-1.0194424670843056,-0.5465045250538386,-2.2252416427147943,3.518568538309387,43.01
-0.8498076512571957,1.369558247518671,-0.8653626019282094,2.153087862224661,-1.0194424670843056,-0.5465045250538386,-1.278789313123863,0.692954820271138,42.33
0.24326586219073645,0.04594186174805536,-0.8653626019282094,2.153087862224661,-1.0194424670843056,-0.5465045250538386,-1.278789313123863,-0.2803121270531477,47.81
0.9719815378226913,-0.8364690620990217,-0.8653626019282094,2.153087862224661,-1.0194424670843056,-0.5465045250538386,-1.278789313123863,0.692954820271138,52.91
-1.3330612045710184,1.5948052465006883,-0.8653626019282094,0.46533362288486246,-1.0194424670843056,0.9365832321167817,0.42607021215243246,0.692954820271138,39.36
0.6076237000067138,-0.3952636001754832,-0.8653626019282094,2.153087862224661,-1.0194424670843056,-0.5465045250538386,-1.278789313123863,5.009864667274018,56.14
0.9719815378226913,0.2665445927098246,-0.8653626019282094,2.153087862224661,-1.0194424670843056,-0.5465045250538386,-2.2252416427147943,0.692954820271138,40.56
1.8828761323626346,-0.8364690620990217,-0.8653626019282094,2.153087862224661,-1.0194424670843056,-0.5465045250538386,-2.2252416427147943,2.1057616792902625,42.62
1.427428835092663,-0.2849622346945985,-0.8653626019282094,2.153087862224661,-1.0194424670843056,-0.5465045250538386,-2.2252416427147943,2.1057616792902625,41.84
-1.3330612045710184,1.5948052465006883,-0.8653626019282094,0.46533362288486246,-1.0194424670843056,0.9365832321167817,0.42607021215243246,-0.2803121270531477,28.24
-1.3330612045710184,1.5948052465006883,-0.8653626019282094,0.46533362288486246,-1.0194424670843056,0.9365832321167817,0.42607021215243246,-0.6727584767806822,8.06
-1.3330612045710184,1.5948052465006883,-0.8653626019282094,0.46533362288486246,-1.0194424670843056,0.9365832321167817,0.42607021215243246,2.1057616792902625,44.21
0.9719815378226913,-0.8364690620990217,-0.8653626019282094,2.153087862224661,-1.0194424670843056,-0.5465045250538386,-1.278789313123863,5.009864667274018,52.52
0.9719815378226913,-0.8364690620990217,-0.8653626019282094,2.153087862224661,-1.0194424670843056,-0.5465045250538386,-1.278789313123863,3.518568538309387,53.3
0.9719815378226913,0.2665445927098246,-0.8653626019282094,2.153087862224661,-1.0194424670843056,-0.5465045250538386,-2.2252416427147943,3.518568538309387,41.15
0.6076237000067138,-0.3952636001754832,-0.8653626019282094,2.153087862224661,-1.0194424670843056,-0.5465045250538386,-1.278789313123863,2.1057616792902625,52.12
1.427428835092663,-0.2849622346945985,-0.8653626019282094,2.153087862224661,-1.0194424670843056,-0.5465045250538386,-2.2252416427147943,-0.2803121270531477,37.43
1.8828761323626346,-0.8364690620990217,-0.8653626019282094,2.153087862224661,-1.0194424670843056,-0.5465045250538386,-2.2252416427147943,-0.6099670608242767,38.6
0.24326586219073645,0.04594186174805536,-0.8653626019282094,2.153087862224661,-1.0194424670843056,-0.5465045250538386,-1.278789313123863,5.009864667274018,55.26
-0.12109197562524093,0.4871473236715939,-0.8653626019282094,2.153087862224661,-1.0194424670843056,-0.5465045250538386,-1.278789313123863,5.009864667274018,52.91
-0.7673477195409483,0.7007836526029916,-0.8653626019282094,0.46533362288486246,-1.0194424670843056,0.05188914392630703,0.6577019664996869,2.1057616792902625,41.72
1.8828761323626346,-0.8364690620990217,-0.8653626019282094,2.153087862224661,-1.0194424670843056,-0.5465045250538386,-2.2252416427147943,3.518568538309387,42.13
-0.8498076512571957,1.369558247518671,-0.8653626019282094,2.153087862224661,-1.0194424670843056,-0.5465045250538386,-1.278789313123863,5.009864667274018,53.69
-0.39436035398722397,1.921065074923094,-0.8653626019282094,2.153087862224661,-1.0194424670843056,-0.5465045250538386,-2.2252416427147943,3.518568538309387,38.41
-0.39436035398722397,1.921065074923094,-0.8653626019282094,2.153087862224661,-1.0194424670843056,-0.5465045250538386,-2.2252416427147943,-0.2803121270531477,30.08
0.5165342405527195,0.8180514201142478,-0.8653626019282094,2.153087862224661,-1.0194424670843056,-0.5465045250538386,-2.2252416427147943,0.692954820271138,37.72
1.8828761323626346,-0.8364690620990217,-0.8653626019282094,2.153087862224661,-1.0194424670843056,-0.5465045250538386,-2.2252416427147943,0.692954820271138,42.23
-0.39436035398722397,1.921065074923094,-0.8653626019282094,2.153087862224661,-1.0194424670843056,-0.5465045250538386,-2.2252416427147943,2.1057616792902625,36.25
0.6076237000067138,-0.3952636001754832,-0.8653626019282094,2.153087862224661,-1.0194424670843056,-0.5465045250538386,-1.278789313123863,0.692954820271138,50.46
1.427428835092663,-0.2849622346945985,-0.8653626019282094,2.153087862224661,-1.0194424670843056,-0.5465045250538386,-2.2252416427147943,5.009864667274018,43.7
-0.39436035398722397,1.921065074923094,-0.8653626019282094,2.153087862224661,-1.0194424670843056,-0.5465045250538386,-2.2252416427147943,5.009864667274018,39.0
0.9719815378226913,-0.8364690620990217,-0.8653626019282094,2.153087862224661,-1.0194424670843056,-0.5465045250538386,-1.278789313123863,2.1057616792902625,53.1
1.427428835092663,-0.2849622346945985,-0.8653626019282094,2.153087862224661,-1.0194424670843056,-0.5465045250538386,-2.2252416427147943,0.692954820271138,41.54
1.427428835092663,-0.2849622346945985,-0.8653626019282094,2.153087862224661,-1.0194424670843056,-0.5465045250538386,-2.2252416427147943,-0.6099670608242767,35.08
0.6747422490780781,-0.8364690620990217,-0.8653626019282094,0.46533362288486246,-1.0194424670843056,0.9365832321167817,0.42607021215243246,-0.6727584767806822,15.05
0.9719815378226913,0.2665445927098246,-0.8653626019282094,2.153087862224661,-1.0194424670843056,-0.5465045250538386,-2.2252416427147943,2.1057616792902625,40.76
-0.39436035398722397,1.921065074923094,-0.8653626019282094,2.153087862224661,-1.0194424670843056,-0.5465045250538386,-2.2252416427147943,-0.6099670608242767,26.26
0.9719815378226913,0.2665445927098246,-0.8653626019282094,2.153087862224661,-1.0194424670843056,-0.5465045250538386,-2.2252416427147943,-0.6099670608242767,32.82
0.5165342405527195,0.8180514201142478,-0.8653626019282094,2.153087862224661,-1.0194424670843056,-0.5465045250538386,-2.2252416427147943,2.1057616792902625,39.78
-0.8498076512571957,1.369558247518671,-0.8653626019282094,2.153087862224661,-1.0194424670843056,-0.5465045250538386,-1.278789313123863,2.1057616792902625,46.93
-0.39436035398722397,1.921065074923094,-0.8653626019282094,2.153087862224661,-1.0194424670843056,-0.5465045250538386,-2.2252416427147943,0.692954820271138,33.12
0.24326586219073645,0.04594186174805536,-0.8653626019282094,2.153087862224661,-1.0194424670843056,-0.5465045250538386,-1.278789313123863,0.692954820271138,49.19
-1.3330612045710184,1.5948052465006883,-0.8653626019282094,0.46533362288486246,-1.0194424670843056,0.9365832321167817,0.42607021215243246,-0.6099670608242767,14.59
-0.7673477195409483,0.7007836526029916,-0.8653626019282094,0.46533362288486246,-1.0194424670843056,0.05188914392630703,0.6577019664996869,-0.6099670608242767,14.64
1.8828761323626346,-0.8364690620990217,-0.8653626019282094,2.153087862224661,-1.0194424670843056,-0.5465045250538386,-2.2252416427147943,5.009864667274018,41.93
-0.7673477195409483,0.7007836526029916,-0.8653626019282094,0.46533362288486246,-1.0194424670843056,0.05188914392630703,0.6577019664996869,-0.6727584767806822,9.13
0.24326586219073645,0.04594186174805536,-0.8653626019282094,2.153087862224661,-1.0194424670843056,-0.5465045250538386,-1.278789313123863,2.1057616792902625,50.95
0.5165342405527195,0.8180514201142478,-0.8653626019282094,2.153087862224661,-1.0194424670843056,-0.5465045250538386,-2.2252416427147943,-0.2803121270531477,33.02
0.24326586219073645,0.04594186174805536,-0.8653626019282094,2.153087862224661,-1.0194424670843056,-0.5465045250538386,-1.278789313123863,3.518568538309387,54.38
-0.12109197562524093,0.4871473236715939,-0.8653626019282094,2.153087862224661,-1.0194424670843056,-0.5465045250538386,-1.278789313123863,3.518568538309387,51.73
0.30079604710904867,-0.8364690620990217,-0.8653626019282094,0.46533362288486246,-1.0194424670843056,-0.043544329143802164,0.9702803016672185,-0.6727584767806822,9.87
-0.8498076512571957,1.369558247518671,-0.8653626019282094,2.153087862224661,-1.0194424670843056,-0.5465045250538386,-1.278789313123863,3.518568538309387,50.66
-0.12109197562524093,0.4871473236715939,-0.8653626019282094,2.153087862224661,-1.0194424670843056,-0.5465045250538386,-1.278789313123863,2.1057616792902625,48.7
0.6076237000067138,-0.3952636001754832,-0.8653626019282094,2.153087862224661,-1.0194424670843056,-0.5465045250538386,-1.278789313123863,3.518568538309387,55.06
-1.3330612045710184,1.5948052465006883,-0.8653626019282094,0.46533362288486246,-1.0194424670843056,0.9365832321167817,0.42607021215243246,4.9313753973285115,44.7
0.5165342405527195,0.8180514201142478,-0.8653626019282094,2.153087862224661,-1.0194424670843056,-0.5465045250538386,-2.2252416427147943,-0.6099670608242767,30.28
-0.8498076512571957,1.369558247518671,-0.8653626019282094,2.153087862224661,-1.0194424670843056,-0.5465045250538386,-1.278789313123863,-0.2803121270531477,40.86
1.978759773893155,-0.8364690620990217,-0.8653626019282094,-1.6912412384937692,-1.0194424670843056,1.878021547538132,0.3401423032816771,-0.2803121270531477,71.99
0.9144513529043791,1.3602697114781752,-0.8653626019282094,-0.561383539380182,0.6876152099837036,-0.6225933752043311,-0.19908645818262918,-0.6727584767806822,34.4
0.3324376488141205,2.2078486251733938,-0.8653626019282094,-0.3082204034792119,0.4340917925973656,0.9352935905888085,-2.003572544468498,-0.6727584767806822,28.8
1.403457924710033,0.3977451642818242,-0.8653626019282094,-1.3396257719646445,1.7693151241654126,-1.5769281059054259,1.4248264862733893,-0.6727584767806822,33.4
1.403457924710033,0.3977451642818242,-0.8653626019282094,-1.4380781025927991,2.124247908506286,-0.49491886393486056,0.3862195877486046,-0.6727584767806822,36.3
0.924039717057431,0.2526117886490813,-0.8653626019282094,-2.6007532452491056,2.935522844142567,-1.5769281059054259,2.7386517595871163,-0.6727584767806822,29.0
1.8828761323626346,0.5428785399145671,-0.8653626019282094,-0.045680855137465726,0.48479647607463333,-1.5769281059054259,0.10975588094704254,-0.6727584767806822,37.8
1.8253459474443225,0.5243014678335761,-0.8653626019282094,-2.0756741485656116,4.422860226142418,-1.5769281059054259,0.8445017683926339,-0.6727584767806822,40.2
1.054441469538939,0.29092699981612535,-0.8653626019282094,-1.1333446982675577,1.0256464331654875,-1.5769281059054259,1.9055246431445731,-0.6727584767806822,28.1
2.422701034179464,-0.8364690620990217,-0.8653626019282094,-1.8881458997500784,3.746797779778849,-1.5769281059054259,1.5070183991062862,-0.6727584767806822,41.3
0.3851736516559067,1.630798323657608,-0.8653626019282094,-1.2364852351161018,1.3974807786654504,-1.5769281059054259,1.3413892414278725,-0.6727584767806822,25.2
1.1810078763592258,0.2630613916946388,-0.8653626019282094,-1.6256063514083323,0.9073355050518633,-0.3556375789136203,0.9889602818565132,-0.6727584767806822,41.1
0.805144001559586,1.3579475774680516,-0.8653626019282094,-0.8051702628403746,0.9411386273700416,-0.3827200510010826,-0.21029444629620714,-0.6727584767806822,35.3
0.43215663600586146,2.4470284282161545,-0.8653626019282094,0.08090071281301997,0.7214183323018821,-0.40851288156057164,-1.4045678463984477,-0.6727584767806822,28.3
0.9671873557461652,0.9190642495546367,-0.8653626019282094,-1.3208729470830909,1.667905757210877,2.0624402860384783,-2.0882551213266334,-0.6727584767806822,28.6
0.07355181668171552,1.496114551070423,-0.8653626019282094,-1.752187919358818,0.8735323827336847,0.38977522425561417,0.3862195877486046,-0.6727584767806822,24.4
1.5376950228527615,1.2186195368606183,-0.8653626019282094,0.18404124966156268,0.8566308215745956,-1.153925684729806,-0.8068084803410175,-0.6727584767806822,39.3
1.0669063429379062,1.3579475774680516,-0.8653626019282094,-1.6959294447141573,2.6989009879153185,-0.3827200510010826,-0.21029444629620714,-0.6727584767806822,40.6
0.5683114069792002,1.3579475774680516,-0.8653626019282094,-0.3363496408015416,0.5862058430291684,-0.3827200510010826,-0.21029444629620714,-0.6727584767806822,24.1
0.9144513529043791,1.3602697114781752,-0.8653626019282094,-0.561383539380182,0.6876152099837036,-0.6225933752043311,-0.19908645818262918,-0.6099670608242767,46.2
0.3324376488141205,2.2078486251733938,-0.8653626019282094,-0.3082204034792119,0.4340917925973656,0.9352935905888085,-2.003572544468498,-0.6099670608242767,42.8
1.403457924710033,0.3977451642818242,-0.8653626019282094,-1.3396257719646445,1.7693151241654126,-1.5769281059054259,1.4248264862733893,-0.6099670608242767,49.2
1.403457924710033,0.3977451642818242,-0.8653626019282094,-1.4380781025927991,2.124247908506286,-0.49491886393486056,0.3862195877486046,-0.6099670608242767,46.8
0.924039717057431,0.2526117886490813,-0.8653626019282094,-2.6007532452491056,2.935522844142567,-1.5769281059054259,2.7386517595871163,-0.6099670608242767,45.7
1.8828761323626346,0.5428785399145671,-0.8653626019282094,-0.045680855137465726,0.48479647607463333,-1.5769281059054259,0.10975588094704254,-0.6099670608242767,55.6
1.8253459474443225,0.5243014678335761,-0.8653626019282094,-2.0756741485656116,4.422860226142418,-1.5769281059054259,0.8445017683926339,-0.6099670608242767,54.9
1.054441469538939,0.29092699981612535,-0.8653626019282094,-1.1333446982675577,1.0256464331654875,-1.5769281059054259,1.9055246431445731,-0.6099670608242767,34.9
2.422701034179464,-0.8364690620990217,-0.8653626019282094,-1.8881458997500784,3.746797779778849,-1.5769281059054259,1.5070183991062862,-0.6099670608242767,46.9
0.3851736516559067,1.630798323657608,-0.8653626019282094,-1.2364852351161018,1.3974807786654504,-1.5769281059054259,1.3413892414278725,-0.6099670608242767,33.4
1.1810078763592258,0.2630613916946388,-0.8653626019282094,-1.6256063514083323,0.9073355050518633,-0.3556375789136203,0.9889602818565132,-0.6099670608242767,54.1
0.805144001559586,1.3579475774680516,-0.8653626019282094,-0.8051702628403746,0.9411386273700416,-0.3827200510010826,-0.21029444629620714,-0.6099670608242767,55.9
0.43215663600586146,2.4470284282161545,-0.8653626019282094,0.08090071281301997,0.7214183323018821,-0.40851288156057164,-1.4045678463984477,-0.6099670608242767,49.8
0.9671873557461652,0.9190642495546367,-0.8653626019282094,-1.3208729470830909,1.667905757210877,2.0624402860384783,-2.0882551213266334,-0.6099670608242767,47.1
0.07355181668171552,1.496114551070423,-0.8653626019282094,-1.752187919358818,0.8735323827336847,0.38977522425561417,0.3862195877486046,-0.6099670608242767,38.0
1.5376950228527615,1.2186195368606183,-0.8653626019282094,0.18404124966156268,0.8566308215745956,-1.153925684729806,-0.8068084803410175,-0.6099670608242767,56.1
1.0669063429379062,1.3579475774680516,-0.8653626019282094,-1.6959294447141573,2.6989009879153185,-0.3827200510010826,-0.21029444629620714,-0.6099670608242767,59.09
0.805144001559586,1.3579475774680516,-0.8653626019282094,-0.8051702628403746,0.9411386273700416,-0.3827200510010826,-0.21029444629620714,-0.6099670608242767,22.9
0.5683114069792002,1.3579475774680516,-0.8653626019282094,-0.3363496408015416,0.5862058430291684,-0.3827200510010826,-0.21029444629620714,-0.6099670608242767,35.1
0.9144513529043791,1.3602697114781752,-0.8653626019282094,-0.561383539380182,0.6876152099837036,-0.6225933752043311,-0.19908645818262918,-0.2803121270531477,61.09
0.3324376488141205,2.2078486251733938,-0.8653626019282094,-0.3082204034792119,0.4340917925973656,0.9352935905888085,-2.003572544468498,-0.2803121270531477,59.8
1.403457924710033,0.3977451642818242,-0.8653626019282094,-1.3396257719646445,1.7693151241654126,-1.5769281059054259,1.4248264862733893,-0.2803121270531477,60.29
1.403457924710033,0.3977451642818242,-0.8653626019282094,-1.4380781025927991,2.124247908506286,-0.49491886393486056,0.3862195877486046,-0.2803121270531477,61.8
0.924039717057431,0.2526117886490813,-0.8653626019282094,-2.6007532452491056,2.935522844142567,-1.5769281059054259,2.7386517595871163,-0.2803121270531477,56.7
1.8828761323626346,0.5428785399145671,-0.8653626019282094,-0.045680855137465726,0.48479647607463333,-1.5769281059054259,0.10975588094704254,-0.2803121270531477,68.3
1.8253459474443225,0.5243014678335761,-0.8653626019282094,-2.0756741485656116,4.422860226142418,-1.5769281059054259,0.8445017683926339,-0.2803121270531477,66.9
1.054441469538939,0.29092699981612535,-0.8653626019282094,-1.1333446982675577,1.0256464331654875,-1.5769281059054259,1.9055246431445731,-0.2803121270531477,50.7
2.422701034179464,-0.8364690620990217,-0.8653626019282094,-1.8881458997500784,3.746797779778849,-1.5769281059054259,1.5070183991062862,-0.2803121270531477,56.4
0.3851736516559067,1.630798323657608,-0.8653626019282094,-1.2364852351161018,1.3974807786654504,-1.5769281059054259,1.3413892414278725,-0.2803121270531477,55.5
1.1810078763592258,0.2630613916946388,-0.8653626019282094,-1.6256063514083323,0.9073355050518633,-0.3556375789136203,0.9889602818565132,-0.2803121270531477,68.5
0.805144001559586,1.3579475774680516,-0.8653626019282094,-0.8051702628403746,0.9411386273700416,-0.3827200510010826,-0.21029444629620714,-0.2803121270531477,71.3
0.43215663600586146,2.4470284282161545,-0.8653626019282094,0.08090071281301997,0.7214183323018821,-0.40851288156057164,-1.4045678463984477,-0.2803121270531477,74.7
0.9671873557461652,0.9190642495546367,-0.8653626019282094,-1.3208729470830909,1.667905757210877,2.0624402860384783,-2.0882551213266334,-0.2803121270531477,52.2
0.07355181668171552,1.496114551070423,-0.8653626019282094,-1.752187919358818,0.8735323827336847,0.38977522425561417,0.3862195877486046,-0.2803121270531477,67.7
1.5376950228527615,1.2186195368606183,-0.8653626019282094,0.18404124966156268,0.8566308215745956,-1.153925684729806,-0.8068084803410175,-0.2803121270531477,66.0
1.0669063429379062,1.3579475774680516,-0.8653626019282094,-1.6959294447141573,2.6989009879153185,-0.3827200510010826,-0.21029444629620714,-0.2803121270531477,74.5
0.5683114069792002,1.3579475774680516,-0.8653626019282094,-0.3363496408015416,0.5862058430291684,-0.3827200510010826,-0.21029444629620714,-0.2803121270531477,49.9
0.9144513529043791,1.3602697114781752,-0.8653626019282094,-0.561383539380182,0.6876152099837036,-0.6225933752043311,-0.19908645818262918,0.15922778464169102,63.4
0.3324376488141205,2.2078486251733938,-0.8653626019282094,-0.3082204034792119,0.4340917925973656,0.9352935905888085,-2.003572544468498,0.15922778464169102,64.9
1.403457924710033,0.3977451642818242,-0.8653626019282094,-1.3396257719646445,1.7693151241654126,-1.5769281059054259,1.4248264862733893,0.15922778464169102,64.3
1.403457924710033,0.3977451642818242,-0.8653626019282094,-1.4380781025927991,2.124247908506286,-0.49491886393486056,0.3862195877486046,0.15922778464169102,64.9
0.924039717057431,0.2526117886490813,-0.8653626019282094,-2.6007532452491056,2.935522844142567,-1.5769281059054259,2.7386517595871163,0.15922778464169102,60.2
1.8828761323626346,0.5428785399145671,-0.8653626019282094,-0.045680855137465726,0.48479647607463333,-1.5769281059054259,0.10975588094704254,0.15922778464169102,72.3
1.8253459474443225,0.5243014678335761,-0.8653626019282094,-2.0756741485656116,4.422860226142418,-1.5769281059054259,0.8445017683926339,0.15922778464169102,69.3
1.054441469538939,0.29092699981612535,-0.8653626019282094,-1.1333446982675577,1.0256464331654875,-1.5769281059054259,1.9055246431445731,0.15922778464169102,55.2
2.422701034179464,-0.8364690620990217,-0.8653626019282094,-1.8881458997500784,3.746797779778849,-1.5769281059054259,1.5070183991062862,0.15922778464169102,58.8
0.3851736516559067,1.630798323657608,-0.8653626019282094,-1.2364852351161018,1.3974807786654504,-1.5769281059054259,1.3413892414278725,0.15922778464169102,66.1
1.1810078763592258,0.2630613916946388,-0.8653626019282094,-1.6256063514083323,0.9073355050518633,-0.3556375789136203,0.9889602818565132,0.15922778464169102,73.7
0.805144001559586,1.3579475774680516,-0.8653626019282094,-0.8051702628403746,0.9411386273700416,-0.3827200510010826,-0.21029444629620714,0.15922778464169102,77.3
0.43215663600586146,2.4470284282161545,-0.8653626019282094,0.08090071281301997,0.7214183323018821,-0.40851288156057164,-1.4045678463984477,0.15922778464169102,80.2
0.9671873557461652,0.9190642495546367,-0.8653626019282094,-1.3208729470830909,1.667905757210877,2.0624402860384783,-2.0882551213266334,0.15922778464169102,54.9
0.07355181668171552,1.496114551070423,-0.8653626019282094,-1.752187919358818,0.8735323827336847,0.38977522425561417,0.3862195877486046,0.15922778464169102,72.99
1.5376950228527615,1.2186195368606183,-0.8653626019282094,0.18404124966156268,0.8566308215745956,-1.153925684729806,-0.8068084803410175,0.15922778464169102,71.7
1.0669063429379062,1.3579475774680516,-0.8653626019282094,-1.6959294447141573,2.6989009879153185,-0.3827200510010826,-0.21029444629620714,0.15922778464169102,79.4
0.5683114069792002,1.3579475774680516,-0.8653626019282094,-0.3363496408015416,0.5862058430291684,-0.3827200510010826,-0.21029444629620714,0.15922778464169102,59.89
0.9144513529043791,1.3602697114781752,-0.8653626019282094,-0.561383539380182,0.6876152099837036,-0.6225933752043311,-0.19908645818262918,0.7086526742602394,64.9
0.3324376488141205,2.2078486251733938,-0.8653626019282094,-0.3082204034792119,0.4340917925973656,0.9352935905888085,-2.003572544468498,0.7086526742602394,66.6
1.403457924710033,0.3977451642818242,-0.8653626019282094,-1.3396257719646445,1.7693151241654126,-1.5769281059054259,1.4248264862733893,0.7086526742602394,65.2
1.403457924710033,0.3977451642818242,-0.8653626019282094,-1.4380781025927991,2.124247908506286,-0.49491886393486056,0.3862195877486046,0.7086526742602394,66.7
0.924039717057431,0.2526117886490813,-0.8653626019282094,-2.6007532452491056,2.935522844142567,-1.5769281059054259,2.7386517595871163,0.7086526742602394,62.5
1.8828761323626346,0.5428785399145671,-0.8653626019282094,-0.045680855137465726,0.48479647607463333,-1.5769281059054259,0.10975588094704254,0.7086526742602394,74.19
1.8253459474443225,0.5243014678335761,-0.8653626019282094,-2.0756741485656116,4.422860226142418,-1.5769281059054259,0.8445017683926339,0.7086526742602394,70.7
1.054441469538939,0.29092699981612535,-0.8653626019282094,-1.1333446982675577,1.0256464331654875,-1.5769281059054259,1.9055246431445731,0.7086526742602394,57.6
2.422701034179464,-0.8364690620990217,-0.8653626019282094,-1.8881458997500784,3.746797779778849,-1.5769281059054259,1.5070183991062862,0.7086526742602394,59.2
0.3851736516559067,1.630798323657608,-0.8653626019282094,-1.2364852351161018,1.3974807786654504,-1.5769281059054259,1.3413892414278725,0.7086526742602394,68.1
1.1810078763592258,0.2630613916946388,-0.8653626019282094,-1.6256063514083323,0.9073355050518633,-0.3556375789136203,0.9889602818565132,0.7086526742602394,75.5
0.805144001559586,1.3579475774680516,-0.8653626019282094,-0.8051702628403746,0.9411386273700416,-0.3827200510010826,-0.21029444629620714,0.7086526742602394,79.3
0.9671873557461652,0.9190642495546367,-0.8653626019282094,-1.3208729470830909,1.667905757210877,2.0624402860384783,-2.0882551213266334,0.7086526742602394,56.5
0.07355181668171552,1.496114551070423,-0.8653626019282094,-1.752187919358818,0.8735323827336847,0.38977522425561417,0.3862195877486046,0.7086526742602394,76.8
1.5376950228527615,1.2186195368606183,-0.8653626019282094,0.18404124966156268,0.8566308215745956,-1.153925684729806,-0.8068084803410175,0.7086526742602394,73.3
1.0669063429379062,1.3579475774680516,-0.8653626019282094,-1.6959294447141573,2.6989009879153185,-0.3827200510010826,-0.21029444629620714,0.7086526742602394,82.6
0.5683114069792002,1.3579475774680516,-0.8653626019282094,-0.3363496408015416,0.5862058430291684,-0.3827200510010826,-0.21029444629620714,0.7086526742602394,67.8
-0.5395281872644316,-0.8364690620990217,0.6409755688668509,0.33828323431233837,-0.26563283938892723,-0.09409827704040018,1.215859774555813,-0.6727584767806822,11.58
-0.5395281872644316,-0.8364690620990217,0.6409755688668509,0.33828323431233837,-0.26563283938892723,-0.09409827704040018,1.215859774555813,-0.500082082900567,24.45
-0.5395281872644316,-0.8364690620990217,0.6409755688668509,0.33828323431233837,-0.26563283938892723,-0.09409827704040018,1.215859774555813,-0.2803121270531477,24.89
-0.5395281872644316,-0.8364690620990217,0.6409755688668509,0.33828323431233837,-0.26563283938892723,-0.09409827704040018,1.215859774555813,0.15922778464169102,29.45
-0.5395281872644316,-0.8364690620990217,0.6409755688668509,0.33828323431233837,-0.26563283938892723,-0.09409827704040018,1.215859774555813,0.8499333601621518,40.71
-0.429741417711986,-0.8364690620990217,0.6084086217585268,0.7414689692657345,-0.24754816894870174,-0.3525424392464815,0.9897074810640842,-0.6727584767806822,10.38
-0.429741417711986,-0.8364690620990217,0.6084086217585268,0.7414689692657345,-0.24754816894870174,-0.3525424392464815,0.9897074810640842,-0.500082082900567,22.14
-0.429741417711986,-0.8364690620990217,0.6084086217585268,0.7414689692657345,-0.24754816894870174,-0.3525424392464815,0.9897074810640842,-0.2803121270531477,22.84
-0.429741417711986,-0.8364690620990217,0.6084086217585268,0.7414689692657345,-0.24754816894870174,-0.3525424392464815,0.9897074810640842,0.15922778464169102,27.66
-0.429741417711986,-0.8364690620990217,0.6084086217585268,0.7414689692657345,-0.24754816894870174,-0.3525424392464815,0.9897074810640842,0.8499333601621518,34.56
-0.8049341070209122,-0.8364690620990217,0.7009673135400791,-0.7714151780535787,0.2447943076155667,0.41298877175915377,1.6589489046458823,-0.6727584767806822,12.45
-0.8049341070209122,-0.8364690620990217,0.7009673135400791,-0.7714151780535787,0.2447943076155667,0.41298877175915377,1.6589489046458823,-0.500082082900567,24.99
-0.8049341070209122,-0.8364690620990217,0.7009673135400791,-0.7714151780535787,0.2447943076155667,0.41298877175915377,1.6589489046458823,-0.2803121270531477,25.72
-0.8049341070209122,-0.8364690620990217,0.7009673135400791,-0.7714151780535787,0.2447943076155667,0.41298877175915377,1.6589489046458823,0.15922778464169102,33.96
-0.8049341070209122,-0.8364690620990217,0.7009673135400791,-0.7714151780535787,0.2447943076155667,0.41298877175915377,1.6589489046458823,0.8499333601621518,37.34
-0.8432875636331203,-0.8364690620990217,1.0886542245712274,-0.9345647545230934,0.2938088349769252,1.4911290891457964,0.3900801169877248,-0.6727584767806822,15.04
-0.8432875636331203,-0.8364690620990217,1.0886542245712274,-0.9345647545230934,0.2938088349769252,1.4911290891457964,0.3900801169877248,-0.500082082900567,21.06
-0.8432875636331203,-0.8364690620990217,1.0886542245712274,-0.9345647545230934,0.2938088349769252,1.4911290891457964,0.3900801169877248,-0.2803121270531477,26.4
-0.8432875636331203,-0.8364690620990217,1.0886542245712274,-0.9345647545230934,0.2938088349769252,1.4911290891457964,0.3900801169877248,0.15922778464169102,35.34
-0.8432875636331203,-0.8364690620990217,1.0886542245712274,-0.9345647545230934,0.2938088349769252,1.4911290891457964,0.3900801169877248,0.8499333601621518,40.57
-0.6381924543993374,-0.8364690620990217,1.0297532388920576,-0.08271768427853315,-0.05774363713213,1.0732852340820727,0.08260764307193488,-0.6727584767806822,12.47
-0.6381924543993374,-0.8364690620990217,1.0297532388920576,-0.08271768427853315,-0.05774363713213,1.0732852340820727,0.08260764307193488,-0.500082082900567,20.92
-0.6381924543993374,-0.8364690620990217,1.0297532388920576,-0.08271768427853315,-0.05774363713213,1.0732852340820727,0.08260764307193488,-0.2803121270531477,24.9
-0.6381924543993374,-0.8364690620990217,1.0297532388920576,-0.08271768427853315,-0.05774363713213,1.0732852340820727,0.08260764307193488,0.15922778464169102,34.2
-0.6381924543993374,-0.8364690620990217,1.0297532388920576,-0.08271768427853315,-0.05774363713213,1.0732852340820727,0.08260764307193488,0.8499333601621518,39.61
-0.4665607360597058,-0.8364690620990217,0.9781759207444252,0.6280143787323375,-0.2369001854184756,0.7096063231932793,-0.17554968314411803,-0.6727584767806822,10.03
-0.4665607360597058,-0.8364690620990217,0.9781759207444252,0.6280143787323375,-0.2369001854184756,0.7096063231932793,-0.17554968314411803,-0.500082082900567,20.08
-0.4665607360597058,-0.8364690620990217,0.9781759207444252,0.6280143787323375,-0.2369001854184756,0.7096063231932793,-0.17554968314411803,-0.2803121270531477,24.48
-0.4665607360597058,-0.8364690620990217,0.9781759207444252,0.6280143787323375,-0.2369001854184756,0.7096063231932793,-0.17554968314411803,0.15922778464169102,31.54
-0.4665607360597058,-0.8364690620990217,0.9781759207444252,0.6280143787323375,-0.2369001854184756,0.7096063231932793,-0.17554968314411803,0.8499333601621518,35.34
-0.846547607445158,-0.8364690620990217,1.0852261248756143,-0.9481605525622192,0.6504317754337076,1.4666259001142805,0.37239640240852634,-0.6727584767806822,9.45
-0.846547607445158,-0.8364690620990217,1.0852261248756143,-0.9481605525622192,0.6504317754337076,1.4666259001142805,0.37239640240852634,-0.500082082900567,22.72
-0.846547607445158,-0.8364690620990217,1.0852261248756143,-0.9481605525622192,0.6504317754337076,1.4666259001142805,0.37239640240852634,-0.2803121270531477,28.47
-0.846547607445158,-0.8364690620990217,1.0852261248756143,-0.9481605525622192,0.6504317754337076,1.4666259001142805,0.37239640240852634,0.15922778464169102,38.56
-0.846547607445158,-0.8364690620990217,1.0852261248756143,-0.9481605525622192,0.6504317754337076,1.4666259001142805,0.37239640240852634,0.8499333601621518,40.39
-1.0790654381566698,-0.8364690620990217,1.6787548403569823,-0.26321362376348356,-0.26056237104120045,1.086181649361817,0.09219669956910594,-0.6727584767806822,10.76
-1.0790654381566698,-0.8364690620990217,1.6787548403569823,-0.26321362376348356,-0.26056237104120045,1.086181649361817,0.09219669956910594,-0.500082082900567,25.48
-1.0790654381566698,-0.8364690620990217,1.6787548403569823,-0.26321362376348356,-0.26056237104120045,1.086181649361817,0.09219669956910594,-0.2803121270531477,21.54
-1.0790654381566698,-0.8364690620990217,1.6787548403569823,-0.26321362376348356,-0.26056237104120045,1.086181649361817,0.09219669956910594,0.15922778464169102,28.63
-1.0790654381566698,-0.8364690620990217,1.6787548403569823,-0.26321362376348356,-0.26056237104120045,1.086181649361817,0.09219669956910594,0.8499333601621518,33.54
-1.0612310808319931,-0.3478920663689559,1.6874809123094519,-2.828131246937939,-0.05267316878440335,1.0874712908897932,0.09244576597162964,-0.6727584767806822,7.75
-1.0612310808319931,-0.3478920663689559,1.6874809123094519,-2.828131246937939,-0.05267316878440335,1.0874712908897932,0.09244576597162964,-0.500082082900567,17.82
-1.0612310808319931,-0.3478920663689559,1.6874809123094519,-2.828131246937939,-0.05267316878440335,1.0874712908897932,0.09244576597162964,-0.2803121270531477,24.24
-1.0612310808319931,-0.3478920663689559,1.6874809123094519,-2.828131246937939,-0.05267316878440335,1.0874712908897932,0.09244576597162964,0.15922778464169102,32.85
-1.0612310808319931,-0.3478920663689559,1.6874809123094519,-2.828131246937939,-0.05267316878440335,1.0874712908897932,0.09244576597162964,0.8499333601621518,39.23
-0.6223716535468015,0.3019571363642139,-0.4834411312942285,-0.01708279719309628,0.14000462842921363,1.1790358393759783,0.15807476303668477,-0.6727584767806822,18.0
-0.6223716535468015,0.3019571363642139,-0.4834411312942285,-0.01708279719309628,0.14000462842921363,1.1790358393759783,0.15807476303668477,-0.500082082900567,30.39
-0.6223716535468015,0.3019571363642139,-0.4834411312942285,-0.01708279719309628,0.14000462842921363,1.1790358393759783,0.15807476303668477,-0.2803121270531477,45.71
-0.6223716535468015,0.3019571363642139,-0.4834411312942285,-0.01708279719309628,0.14000462842921363,1.1790358393759783,0.15807476303668477,0.15922778464169102,50.77
-0.6223716535468015,0.3019571363642139,-0.4834411312942285,-0.01708279719309628,0.14000462842921363,1.1790358393759783,0.15807476303668477,0.8499333601621518,53.9
-0.6219881189806794,0.3020732430647201,-0.48328530858079155,-0.015676335326979724,0.10451134999512632,1.1816151224319278,0.1598182278543521,-0.6727584767806822,13.18
-0.6219881189806794,0.3020732430647201,-0.48328530858079155,-0.015676335326979724,0.10451134999512632,1.1816151224319278,0.1598182278543521,-0.500082082900567,17.84
-0.6219881189806794,0.3020732430647201,-0.48328530858079155,-0.015676335326979724,0.10451134999512632,1.1816151224319278,0.1598182278543521,-0.2803121270531477,40.23
-0.6219881189806794,0.3020732430647201,-0.48328530858079155,-0.015676335326979724,0.10451134999512632,1.1816151224319278,0.1598182278543521,0.15922778464169102,47.13
-0.6219881189806794,0.3020732430647201,-0.48328530858079155,-0.015676335326979724,0.10451134999512632,1.1816151224319278,0.1598182278543521,0.8499333601621518,49.97
-0.46934136166409085,-0.8364690620990217,0.9758385800428707,0.616762683803405,0.016623231967862397,0.6928409833296091,-0.1875048704652671,-0.6727584767806822,13.36
-0.46934136166409085,-0.8364690620990217,0.9758385800428707,0.616762683803405,0.016623231967862397,0.6928409833296091,-0.1875048704652671,-0.500082082900567,22.32
-0.46934136166409085,-0.8364690620990217,0.9758385800428707,0.616762683803405,0.016623231967862397,0.6928409833296091,-0.1875048704652671,-0.2803121270531477,24.54
-0.46934136166409085,-0.8364690620990217,0.9758385800428707,0.616762683803405,0.016623231967862397,0.6928409833296091,-0.1875048704652671,0.15922778464169102,31.35
-0.46934136166409085,-0.8364690620990217,0.9758385800428707,0.616762683803405,0.016623231967862397,0.6928409833296091,-0.1875048704652671,0.8499333601621518,40.86
-0.38908675370304524,-0.8364690620990217,0.6010849542269899,0.2149834107161255,0.16366681405193845,-0.3155297273936146,0.9255728824141728,-0.6727584767806822,19.93
-0.38908675370304524,-0.8364690620990217,0.6010849542269899,0.2149834107161255,0.16366681405193845,-0.3155297273936146,0.9255728824141728,-0.500082082900567,25.69
-0.38908675370304524,-0.8364690620990217,0.6010849542269899,0.2149834107161255,0.16366681405193845,-0.3155297273936146,0.9255728824141728,-0.2803121270531477,30.23
-0.38908675370304524,-0.8364690620990217,0.6010849542269899,0.2149834107161255,0.16366681405193845,-0.3155297273936146,0.9255728824141728,0.15922778464169102,39.59
-0.38908675370304524,-0.8364690620990217,0.6010849542269899,0.2149834107161255,0.16366681405193845,-0.3155297273936146,0.9255728824141728,0.8499333601621518,44.3
-0.27450580207407355,-0.8364690620990217,0.6257049429500291,0.25061377799107637,-0.08478613498667274,-0.22589964119938957,1.1019118954011142,-0.6727584767806822,13.82
-0.27450580207407355,-0.8364690620990217,0.6257049429500291,0.25061377799107637,-0.08478613498667274,-0.22589964119938957,1.1019118954011142,-0.500082082900567,24.92
-0.27450580207407355,-0.8364690620990217,0.6257049429500291,0.25061377799107637,-0.08478613498667274,-0.22589964119938957,1.1019118954011142,-0.2803121270531477,29.22
-0.27450580207407355,-0.8364690620990217,0.6257049429500291,0.25061377799107637,-0.08478613498667274,-0.22589964119938957,1.1019118954011142,0.15922778464169102,38.33
-0.27450580207407355,-0.8364690620990217,0.6257049429500291,0.25061377799107637,-0.08478613498667274,-0.22589964119938957,1.1019118954011142,0.8499333601621518,42.35
-0.6338776905304637,-0.8364690620990217,0.6986299728385249,-1.066772169938044,0.45268350987236394,0.4310437531507958,1.6301817351543693,-0.6727584767806822,13.54
-0.6338776905304637,-0.8364690620990217,0.6986299728385249,-1.066772169938044,0.45268350987236394,0.4310437531507958,1.6301817351543693,-0.500082082900567,26.31
-0.6338776905304637,-0.8364690620990217,0.6986299728385249,-1.066772169938044,0.45268350987236394,0.4310437531507958,1.6301817351543693,-0.2803121270531477,31.64
-0.6338776905304637,-0.8364690620990217,0.6986299728385249,-1.066772169938044,0.45268350987236394,0.4310437531507958,1.6301817351543693,0.15922778464169102,42.55
-0.6338776905304637,-0.8364690620990217,0.6986299728385249,-1.066772169938044,0.45268350987236394,0.4310437531507958,1.6301817351543693,0.8499333601621518,42.92
-0.6333982723228113,-0.8364690620990217,0.6989416182653987,-1.0653657080719274,0.7332494251132443,0.3794580920318177,1.6326723991796077,-0.6727584767806822,13.33
-0.6333982723228113,-0.8364690620990217,0.6989416182653987,-1.0653657080719274,0.7332494251132443,0.3794580920318177,1.6326723991796077,-0.500082082900567,25.37
-0.6333982723228113,-0.8364690620990217,0.6989416182653987,-1.0653657080719274,0.7332494251132443,0.3794580920318177,1.6326723991796077,-0.2803121270531477,37.4
-0.6333982723228113,-0.8364690620990217,0.6989416182653987,-1.0653657080719274,0.7332494251132443,0.3794580920318177,1.6326723991796077,0.15922778464169102,44.4
-0.6333982723228113,-0.8364690620990217,0.6989416182653987,-1.0653657080719274,0.7332494251132443,0.3794580920318177,1.6326723991796077,0.8499333601621518,47.74
-0.6388636398900509,-0.8364690620990217,1.078993216338136,-1.0817744298432863,0.3056399277882877,1.4318055788589727,0.3344137760236263,-0.6727584767806822,19.52
-0.6388636398900509,-0.8364690620990217,1.078993216338136,-1.0817744298432863,0.3056399277882877,1.4318055788589727,0.3344137760236263,-0.500082082900567,31.35
-0.6388636398900509,-0.8364690620990217,1.078993216338136,-1.0817744298432863,0.3056399277882877,1.4318055788589727,0.3344137760236263,-0.2803121270531477,38.5
-0.6388636398900509,-0.8364690620990217,1.078993216338136,-1.0817744298432863,0.3056399277882877,1.4318055788589727,0.3344137760236263,0.15922778464169102,45.08
-0.6388636398900509,-0.8364690620990217,1.078993216338136,-1.0817744298432863,0.3056399277882877,1.4318055788589727,0.3344137760236263,0.8499333601621518,47.82
-0.4494934478672732,-0.8364690620990217,1.0297532388920576,-0.38041877927319184,0.11634244280648866,1.0578095357463815,0.0717732545621439,-0.6727584767806822,15.44
-0.4494934478672732,-0.8364690620990217,1.0297532388920576,-0.38041877927319184,0.11634244280648866,1.0578095357463815,0.0717732545621439,-0.500082082900567,26.77
-0.4494934478672732,-0.8364690620990217,1.0297532388920576,-0.38041877927319184,0.11634244280648866,1.0578095357463815,0.0717732545621439,-0.2803121270531477,33.73
-0.4494934478672732,-0.8364690620990217,1.0297532388920576,-0.38041877927319184,0.11634244280648866,1.0578095357463815,0.0717732545621439,0.15922778464169102,42.7
-0.4494934478672732,-0.8364690620990217,1.0297532388920576,-0.38041877927319184,0.11634244280648866,1.0578095357463815,0.0717732545621439,0.8499333601621518,45.84
-0.2613697431843922,-0.8364690620990217,0.9775526298906771,0.2989023020610762,-0.04760270043667655,0.6967099079135348,-0.18625953845264717,-0.6727584767806822,17.22
-0.2613697431843922,-0.8364690620990217,0.9775526298906771,0.2989023020610762,-0.04760270043667655,0.6967099079135348,-0.18625953845264717,-0.500082082900567,29.93
-0.2613697431843922,-0.8364690620990217,0.9775526298906771,0.2989023020610762,-0.04760270043667655,0.6967099079135348,-0.18625953845264717,-0.2803121270531477,29.65
-0.2613697431843922,-0.8364690620990217,0.9775526298906771,0.2989023020610762,-0.04760270043667655,0.6967099079135348,-0.18625953845264717,0.15922778464169102,36.97
-0.2613697431843922,-0.8364690620990217,0.9775526298906771,0.2989023020610762,-0.04760270043667655,0.6967099079135348,-0.18625953845264717,0.8499333601621518,43.58
-0.2613697431843922,-0.8364690620990217,0.9775526298906771,0.2989023020610762,0.05380666651785859,0.6967099079135348,-0.18625953845264717,-0.6727584767806822,13.12
-0.2613697431843922,-0.8364690620990217,0.9775526298906771,0.2989023020610762,0.05380666651785859,0.6967099079135348,-0.18625953845264717,-0.500082082900567,24.43
-0.2613697431843922,-0.8364690620990217,0.9775526298906771,0.2989023020610762,0.05380666651785859,0.6967099079135348,-0.18625953845264717,-0.2803121270531477,32.66
-0.2613697431843922,-0.8364690620990217,0.9775526298906771,0.2989023020610762,0.05380666651785859,0.6967099079135348,-0.18625953845264717,0.15922778464169102,36.64
-0.2613697431843922,-0.8364690620990217,0.9775526298906771,0.2989023020610762,0.05380666651785859,0.6967099079135348,-0.18625953845264717,0.8499333601621518,44.21
-0.9324593502565043,-0.8364690620990217,1.7370325351824039,-0.585293391104162,0.2583155565428379,1.0474924035225834,0.06367859648011506,-0.6727584767806822,13.62
-0.9324593502565043,-0.8364690620990217,1.7370325351824039,-0.585293391104162,0.2583155565428379,1.0474924035225834,0.06367859648011506,-0.500082082900567,21.6
-0.9324593502565043,-0.8364690620990217,1.7370325351824039,-0.585293391104162,0.2583155565428379,1.0474924035225834,0.06367859648011506,-0.2803121270531477,27.77
-0.9324593502565043,-0.8364690620990217,1.7370325351824039,-0.585293391104162,0.2583155565428379,1.0474924035225834,0.06367859648011506,0.15922778464169102,35.57
-0.9324593502565043,-0.8364690620990217,1.7370325351824039,-0.585293391104162,0.2583155565428379,1.0474924035225834,0.06367859648011506,0.8499333601621518,45.37
-0.92613102991549,-0.31155066911051704,1.0352070338623511,-0.5562265125377542,0.36479539184509985,1.096498781585615,0.09917055883977527,-0.6727584767806822,7.32
-0.92613102991549,-0.31155066911051704,1.0352070338623511,-0.5562265125377542,0.36479539184509985,1.096498781585615,0.09917055883977527,-0.500082082900567,21.5
-0.92613102991549,-0.31155066911051704,1.0352070338623511,-0.5562265125377542,0.36479539184509985,1.096498781585615,0.09917055883977527,-0.2803121270531477,31.27
-0.92613102991549,-0.31155066911051704,1.0352070338623511,-0.5562265125377542,0.36479539184509985,1.096498781585615,0.09917055883977527,0.15922778464169102,43.5
-0.92613102991549,-0.31155066911051704,1.0352070338623511,-0.5562265125377542,0.36479539184509985,1.096498781585615,0.09917055883977527,0.8499333601621518,48.67
-1.0523139021696548,-0.34626657256186916,1.0707346125259773,-1.1131854115198876,0.8109966064450548,1.3724820685721462,0.29219702079582044,-0.6727584767806822,7.4
-1.0523139021696548,-0.34626657256186916,1.0707346125259773,-1.1131854115198876,0.8109966064450548,1.3724820685721462,0.29219702079582044,-0.500082082900567,23.51
-1.0523139021696548,-0.34626657256186916,1.0707346125259773,-1.1131854115198876,0.8109966064450548,1.3724820685721462,0.29219702079582044,-0.2803121270531477,31.12
-1.0523139021696548,-0.34626657256186916,1.0707346125259773,-1.1131854115198876,0.8109966064450548,1.3724820685721462,0.29219702079582044,0.15922778464169102,39.15
-1.0523139021696548,-0.34626657256186916,1.0707346125259773,-1.1131854115198876,0.8109966064450548,1.3724820685721462,0.29219702079582044,0.8499333601621518,48.15
0.11238469150157637,-0.8364690620990217,0.6333402559084401,-0.6560853050320254,0.5709944379859883,-0.17018712719089404,1.1496081114844472,-0.6727584767806822,22.5
0.11238469150157637,-0.8364690620990217,0.6333402559084401,-0.6560853050320254,0.5709944379859883,-0.17018712719089404,1.1496081114844472,-0.500082082900567,34.67
0.11238469150157637,-0.8364690620990217,0.6333402559084401,-0.6560853050320254,0.5709944379859883,-0.17018712719089404,1.1496081114844472,-0.2803121270531477,34.74
0.11238469150157637,-0.8364690620990217,0.6333402559084401,-0.6560853050320254,0.5709944379859883,-0.17018712719089404,1.1496081114844472,0.15922778464169102,45.08
0.11238469150157637,-0.8364690620990217,0.6333402559084401,-0.6560853050320254,0.5709944379859883,-0.17018712719089404,1.1496081114844472,0.8499333601621518,48.97
-0.015140551734015819,-0.8364690620990217,0.6521948042343118,-1.0067631303170732,0.9800122180359468,-0.006144724832543337,1.281737838023392,-0.6727584767806822,23.14
-0.015140551734015819,-0.8364690620990217,0.6521948042343118,-1.0067631303170732,0.9800122180359468,-0.006144724832543337,1.281737838023392,-0.500082082900567,41.89
-0.015140551734015819,-0.8364690620990217,0.6521948042343118,-1.0067631303170732,0.9800122180359468,-0.006144724832543337,1.281737838023392,-0.2803121270531477,48.28
-0.015140551734015819,-0.8364690620990217,0.6521948042343118,-1.0067631303170732,0.9800122180359468,-0.006144724832543337,1.281737838023392,0.15922778464169102,51.04
-0.015140551734015819,-0.8364690620990217,0.6521948042343118,-1.0067631303170732,0.9800122180359468,-0.006144724832543337,1.281737838023392,0.8499333601621518,55.64
0.16377832336193487,-0.8364690620990217,0.6249258293828444,-0.49387336980659013,0.4797260077269064,-0.2480814754805505,1.0773788547525083,-0.6727584767806822,22.95
0.16377832336193487,-0.8364690620990217,0.6249258293828444,-0.49387336980659013,0.4797260077269064,-0.2480814754805505,1.0773788547525083,-0.500082082900567,35.23
0.16377832336193487,-0.8364690620990217,0.6249258293828444,-0.49387336980659013,0.4797260077269064,-0.2480814754805505,1.0773788547525083,-0.2803121270531477,39.94
0.16377832336193487,-0.8364690620990217,0.6249258293828444,-0.49387336980659013,0.4797260077269064,-0.2480814754805505,1.0773788547525083,0.15922778464169102,48.72
0.16377832336193487,-0.8364690620990217,0.6249258293828444,-0.49387336980659013,0.4797260077269064,-0.2480814754805505,1.0773788547525083,0.8499333601621518,52.04
-0.2571508629570493,-0.8364690620990217,0.6919295961607357,-1.684677749785226,1.0679003360632107,0.40783020564725625,1.5824855190710363,-0.6727584767806822,21.02
-0.2571508629570493,-0.8364690620990217,0.6919295961607357,-1.684677749785226,1.0679003360632107,0.40783020564725625,1.5824855190710363,-0.500082082900567,33.36
-0.2571508629570493,-0.8364690620990217,0.6919295961607357,-1.684677749785226,1.0679003360632107,0.40783020564725625,1.5824855190710363,-0.2803121270531477,33.94
-0.2571508629570493,-0.8364690620990217,0.6919295961607357,-1.684677749785226,1.0679003360632107,0.40783020564725625,1.5824855190710363,0.15922778464169102,44.14
-0.2571508629570493,-0.8364690620990217,0.6919295961607357,-1.684677749785226,1.0679003360632107,0.40783020564725625,1.5824855190710363,0.8499333601621518,45.37
-0.2831353298118204,-0.8364690620990217,0.6733866932617378,-1.1234994652047419,1.143957361279112,0.17259959094471597,1.4486123277144243,-0.6727584767806822,15.36
-0.2831353298118204,-0.8364690620990217,0.6733866932617378,-1.1234994652047419,1.143957361279112,0.17259959094471597,1.4486123277144243,-0.500082082900567,28.68
-0.2831353298118204,-0.8364690620990217,0.6733866932617378,-1.1234994652047419,1.143957361279112,0.17259959094471597,1.4486123277144243,-0.2803121270531477,30.85
-0.2831353298118204,-0.8364690620990217,0.6733866932617378,-1.1234994652047419,1.143957361279112,0.17259959094471597,1.4486123277144243,0.15922778464169102,42.03
-0.2831353298118204,-0.8364690620990217,0.6733866932617378,-1.1234994652047419,1.143957361279112,0.17259959094471597,1.4486123277144243,0.8499333601621518,51.06
-0.25235668088052327,-0.8364690620990217,0.6733866932617378,-1.6795207229427984,1.375508749158634,0.17259959094471597,1.4486123277144243,-0.6727584767806822,21.78
-0.25235668088052327,-0.8364690620990217,0.6733866932617378,-1.6795207229427984,1.375508749158634,0.17259959094471597,1.4486123277144243,-0.500082082900567,42.29
-0.25235668088052327,-0.8364690620990217,0.6733866932617378,-1.6795207229427984,1.375508749158634,0.17259959094471597,1.4486123277144243,-0.2803121270531477,50.6
-0.25235668088052327,-0.8364690620990217,0.6733866932617378,-1.6795207229427984,1.375508749158634,0.17259959094471597,1.4486123277144243,0.15922778464169102,55.83
-0.25235668088052327,-0.8364690620990217,0.6733866932617378,-1.6795207229427984,1.375508749158634,0.17259959094471597,1.4486123277144243,0.8499333601621518,60.95
-0.3049009164392484,-0.8364690620990217,1.0836678977412448,-1.8178228064442534,1.0070547158904897,1.4498605602506134,0.3512257581939918,-0.6727584767806822,23.52
-0.3049009164392484,-0.8364690620990217,1.0836678977412448,-1.8178228064442534,1.0070547158904897,1.4498605602506134,0.3512257581939918,-0.500082082900567,42.22
-0.3049009164392484,-0.8364690620990217,1.0836678977412448,-1.8178228064442534,1.0070547158904897,1.4498605602506134,0.3512257581939918,-0.2803121270531477,52.5
-0.3049009164392484,-0.8364690620990217,1.0836678977412448,-1.8178228064442534,1.0070547158904897,1.4498605602506134,0.3512257581939918,0.15922778464169102,60.32
-0.3049009164392484,-0.8364690620990217,1.0836678977412448,-1.8178228064442534,1.0070547158904897,1.4498605602506134,0.3512257581939918,0.8499333601621518,66.42
-0.03412551275705902,-0.8364690620990217,1.0255460256292597,-1.0592710399854228,0.6538120876655253,1.0216995729630944,0.059942600442256695,-0.6727584767806822,23.8
-0.03412551275705902,-0.8364690620990217,1.0255460256292597,-1.0592710399854228,0.6538120876655253,1.0216995729630944,0.059942600442256695,-0.500082082900567,38.77
-0.03412551275705902,-0.8364690620990217,1.0255460256292597,-1.0592710399854228,0.6538120876655253,1.0216995729630944,0.059942600442256695,-0.2803121270531477,51.33
-0.03412551275705902,-0.8364690620990217,1.0255460256292597,-1.0592710399854228,0.6538120876655253,1.0216995729630944,0.059942600442256695,0.15922778464169102,56.85
-0.03412551275705902,-0.8364690620990217,1.0255460256292597,-1.0592710399854228,0.6538120876655253,1.0216995729630944,0.059942600442256695,0.8499333601621518,58.61
0.17768145138386077,-0.8364690620990217,0.9661775718097795,-0.3410378470219297,0.5895861552609862,0.6244899823469636,-0.23955974859276769,-0.6727584767806822,21.91
0.17768145138386077,-0.8364690620990217,0.9661775718097795,-0.3410378470219297,0.5895861552609862,0.6244899823469636,-0.23955974859276769,-0.500082082900567,36.99
0.17768145138386077,-0.8364690620990217,0.9661775718097795,-0.3410378470219297,0.5895861552609862,0.6244899823469636,-0.23955974859276769,-0.2803121270531477,47.4
0.17768145138386077,-0.8364690620990217,0.9661775718097795,-0.3410378470219297,0.5895861552609862,0.6244899823469636,-0.23955974859276769,0.15922778464169102,51.96
0.17768145138386077,-0.8364690620990217,0.9661775718097795,-0.3410378470219297,0.5895861552609862,0.6244899823469636,-0.23955974859276769,0.8499333601621518,56.74
-0.6221798862637403,-0.8364690620990217,1.8574834926691717,-1.2791479117216353,0.6977561466791572,1.0204099314351212,0.04562128229713105,-0.6727584767806822,17.57
-0.6221798862637403,-0.8364690620990217,1.8574834926691717,-1.2791479117216353,0.6977561466791572,1.0204099314351212,0.04562128229713105,-0.500082082900567,33.73
-0.6221798862637403,-0.8364690620990217,1.8574834926691717,-1.2791479117216353,0.6977561466791572,1.0204099314351212,0.04562128229713105,-0.2803121270531477,40.15
-0.6221798862637403,-0.8364690620990217,1.8574834926691717,-1.2791479117216353,0.6977561466791572,1.0204099314351212,0.04562128229713105,0.15922778464169102,46.64
-0.6221798862637403,-0.8364690620990217,1.8574834926691717,-1.2791479117216353,0.6977561466791572,1.0204099314351212,0.04562128229713105,0.8499333601621518,50.08
-0.6244810936604729,-0.8364690620990217,1.8496923569973238,-1.2875866829183333,0.9512795640654952,1.004934233099427,0.03478689378734007,-0.6727584767806822,17.37
-0.6244810936604729,-0.8364690620990217,1.8496923569973238,-1.2875866829183333,0.9512795640654952,1.004934233099427,0.03478689378734007,-0.500082082900567,33.7
-0.6244810936604729,-0.8364690620990217,1.8496923569973238,-1.2875866829183333,0.9512795640654952,1.004934233099427,0.03478689378734007,-0.2803121270531477,45.94
-0.6244810936604729,-0.8364690620990217,1.8496923569973238,-1.2875866829183333,0.9512795640654952,1.004934233099427,0.03478689378734007,0.15922778464169102,51.43
-0.6244810936604729,-0.8364690620990217,1.8496923569973238,-1.2875866829183333,0.9512795640654952,1.004934233099427,0.03478689378734007,0.8499333601621518,59.3
-0.013798180752588665,0.2992866822525714,-0.4842202448614133,-1.0020749240966853,0.8718422266177759,1.1261605367290268,0.1217110682681916,-0.6727584767806822,30.45
-0.013798180752588665,0.2992866822525714,-0.4842202448614133,-1.0020749240966853,0.8718422266177759,1.1261605367290268,0.1217110682681916,-0.500082082900567,47.71
-0.013798180752588665,0.2992866822525714,-0.4842202448614133,-1.0020749240966853,0.8718422266177759,1.1261605367290268,0.1217110682681916,-0.2803121270531477,63.14
-0.013798180752588665,0.2992866822525714,-0.4842202448614133,-1.0020749240966853,0.8718422266177759,1.1261605367290268,0.1217110682681916,0.15922778464169102,66.82
-0.013798180752588665,0.2992866822525714,-0.4842202448614133,-1.0020749240966853,0.8718422266177759,1.1261605367290268,0.1217110682681916,0.8499333601621518,66.95
-0.5791281312165368,-0.20206205053317577,1.0634109449944402,-1.9373720650641564,0.9935334669632182,1.3067103506454503,0.24885946675665654,-0.6727584767806822,27.42
-0.5791281312165368,-0.20206205053317577,1.0634109449944402,-1.9373720650641564,0.9935334669632182,1.3067103506454503,0.24885946675665654,-0.500082082900567,35.96
-0.5791281312165368,-0.20206205053317577,1.0634109449944402,-1.9373720650641564,0.9935334669632182,1.3067103506454503,0.24885946675665654,-0.2803121270531477,55.51
-0.5791281312165368,-0.20206205053317577,1.0634109449944402,-1.9373720650641564,0.9935334669632182,1.3067103506454503,0.24885946675665654,0.15922778464169102,61.99
-0.5791281312165368,-0.20206205053317577,1.0634109449944402,-1.9373720650641564,0.9935334669632182,1.3067103506454503,0.24885946675665654,0.8499333601621518,63.53
-0.6110573838461999,-0.21181501337569614,1.0339604521548558,-1.2397669794703732,0.6047975603041665,0.5148704524691352,0.09829882643094232,-0.6727584767806822,18.02
-0.6110573838461999,-0.21181501337569614,1.0339604521548558,-1.2397669794703732,0.6047975603041665,0.5148704524691352,0.09829882643094232,-0.500082082900567,38.6
-0.6110573838461999,-0.21181501337569614,1.0339604521548558,-1.2397669794703732,0.6047975603041665,0.5148704524691352,0.09829882643094232,-0.2803121270531477,52.2
-0.6110573838461999,-0.21181501337569614,1.0339604521548558,-1.2397669794703732,0.6047975603041665,0.5148704524691352,0.09829882643094232,0.15922778464169102,53.96
-0.6110573838461999,-0.21181501337569614,1.0339604521548558,-1.2397669794703732,0.6047975603041665,0.5148704524691352,0.09829882643094232,0.8499333601621518,56.63
-0.5731833454416445,-0.8364690620990217,1.0688647399647337,-1.1056842815672663,0.8955044122405008,1.3453995964846839,0.2767549038393367,-0.6727584767806822,15.34
-0.5731833454416445,-0.8364690620990217,1.0688647399647337,-1.1056842815672663,0.8955044122405008,1.3453995964846839,0.2767549038393367,-0.500082082900567,26.05
-0.5731833454416445,-0.8364690620990217,1.0688647399647337,-1.1056842815672663,0.8955044122405008,1.3453995964846839,0.2767549038393367,-0.2803121270531477,30.22
-0.5731833454416445,-0.8364690620990217,1.0688647399647337,-1.1056842815672663,0.8955044122405008,1.3453995964846839,0.2767549038393367,0.15922778464169102,37.27
-0.5731833454416445,-0.8364690620990217,1.0688647399647337,-1.1056842815672663,0.8955044122405008,1.3453995964846839,0.2767549038393367,0.8499333601621518,46.23
0.9336280812104831,-0.8364690620990217,-0.8653626019282094,1.5248682286926247,-1.0194424670843056,0.3755891674478949,-0.1286006662683576,-0.6727584767806822,16.28
0.9336280812104831,-0.8364690620990217,-0.8653626019282094,1.5248682286926247,-1.0194424670843056,0.3755891674478949,-0.1286006662683576,-0.500082082900567,25.62
0.9336280812104831,-0.8364690620990217,-0.8653626019282094,1.5248682286926247,-1.0194424670843056,0.3755891674478949,-0.1286006662683576,-0.2803121270531477,31.97
0.9336280812104831,-0.8364690620990217,-0.8653626019282094,1.5248682286926247,-1.0194424670843056,0.3755891674478949,-0.1286006662683576,0.15922778464169102,36.3
0.9336280812104831,-0.8364690620990217,-0.8653626019282094,1.5248682286926247,-1.0194424670843056,0.3755891674478949,-0.1286006662683576,0.8499333601621518,43.06
2.1225852361889355,-0.8364690620990217,-0.8653626019282094,-1.9725336117170689,-0.34338002072073753,-0.1080264055425248,1.0001682699700898,-0.2803121270531477,67.57
1.8828761323626346,-0.8364690620990217,0.053991407349835055,-1.8787694873093024,-0.6983128050616109,1.5943004113837527,-1.6399355967835605,-0.2803121270531477,57.23
0.3487378678743089,0.7541927348358409,-0.8653626019282094,-1.7381233006976524,-0.022250358698042684,2.0069857003355773,-0.3447903036591284,-0.2803121270531477,81.75
2.170527056954196,-0.8364690620990217,0.06957367869353072,0.6059798094965123,-1.0194424670843056,0.7173441723611248,-1.7769221181717216,-0.2803121270531477,64.02
1.6527553926893859,-0.8364690620990217,-0.8653626019282094,-0.8004820566199865,0.8819831633132295,0.7173441723611248,-0.3447903036591284,-0.2803121270531477,78.8
2.2759990626377684,-0.8364690620990217,-0.8653626019282094,-0.9411282432316365,0.36648554796100874,-2.2359349267003714,0.36504894353407,-0.2803121270531477,41.37
2.3143525192499763,-0.8364690620990217,-0.8653626019282094,-0.56607174560057,-0.1405612868116671,-1.539528501594167,1.0250749102224825,-0.2803121270531477,60.28
2.3910594324743926,-0.8364690620990217,-0.8653626019282094,0.13715918745767938,0.14000462842921363,-0.701261508410773,-0.65612330681404,-0.2803121270531477,56.83
2.3143525192499763,-0.8364690620990217,-0.8653626019282094,-0.33166143458115355,-0.1405612868116671,-1.3460822723979993,0.40240890391265943,-0.2803121270531477,51.02
1.0199233585879515,-0.8364690620990217,1.2538263008144013,-1.1286564920471696,2.360869764733535,-0.9205005681664299,-0.05836394075660971,-0.2803121270531477,55.55
2.123544072604241,-0.8364690620990217,-0.8653626019282094,0.8403901205159289,-0.5123956323116295,1.9347657747690092,-1.9861378962918217,-0.2803121270531477,44.13
1.6441258649516393,-0.25593555956805,-0.8653626019282094,0.8403901205159289,-0.5123956323116295,1.9347657747690092,-1.9861378962918217,-0.2803121270531477,39.38
1.1349837284245758,-0.6367655372283674,1.596636270375706,-0.7067179322122199,2.4960822540062484,-0.09512999026278027,-1.7395621577931322,-0.2803121270531477,55.65
0.5213284226292455,-0.6332823362131816,1.6745476270941844,-0.7067179322122199,2.005936980392661,0.278866052849811,-1.5029490753953996,-0.2803121270531477,47.28
0.5309167867822976,-0.6321212692081196,1.596636270375706,0.32468743627321256,1.5664963902563422,-0.09512999026278027,-1.7395621577931322,-0.2803121270531477,44.33
1.211690641648992,-0.8364690620990217,-0.8653626019282094,-0.33166143458115355,-1.0194424670843056,1.878021547538132,-0.9674563099689515,-0.2803121270531477,52.3
-0.7539240097266754,1.4856649480248654,-0.8653626019282094,0.37156949847709586,-1.0194424670843056,2.2004319295317454,-1.4033225143858277,-0.2803121270531477,49.25
2.2759990626377684,-0.8364690620990217,-0.8653626019282094,-0.9411282432316365,0.37662648465646237,-2.2359349267003714,0.36504894353407,-0.2803121270531477,41.37
-1.2812840381445374,0.5103686637728327,0.988927687971575,0.0902771252537961,-0.05605348101622112,-1.8232496377485468,1.3364079133773943,-0.2803121270531477,29.16
-1.1374585758487568,0.6496967043802659,1.035674502002662,-0.0034869991539704945,0.062257447097403315,-1.9393173752662474,1.3239545932511978,-0.2803121270531477,39.4
-0.4279196285229061,0.9747954657976102,-0.8653626019282094,0.32468743627321256,-0.030701139277587403,0.08541982365364309,-0.1579905017661814,-0.2803121270531477,39.3
-0.27450580207407355,1.2534515470124767,0.6149531757228791,-1.0817744298432863,0.5777550624496237,-1.4750464251954445,0.3401423032816771,-0.2803121270531477,67.87
1.8828761323626346,-0.8364690620990217,-0.8653626019282094,-0.9411282432316365,0.5862058430291684,0.8978939862775482,-1.378415874133435,-0.2803121270531477,58.52
0.06108694328274776,1.369558247518671,-0.8653626019282094,-0.8942461810277531,0.2650761810064736,0.7302405876408694,-1.0919895112309161,-0.2803121270531477,53.58
0.7418607981494424,0.5452006739246911,-0.8653626019282094,-1.034892367639403,0.5067685055814491,1.1171330460332052,-1.4406824747644171,-0.2803121270531477,59.0
-0.0347966982477726,1.2534515470124767,1.0045099593152707,-0.9411282432316365,0.7298691128814266,-1.8619388835877804,-0.0957239011351991,-0.2803121270531477,76.24
2.1225852361889355,-0.8364690620990217,-0.8653626019282094,-1.4568309274743527,0.5016980372337224,0.7560334182003584,-1.46558911501681,-0.2803121270531477,69.84
-1.0895167550834965,-0.8362368486980094,1.3717840948861775,-0.8562717106426075,-1.0194424670843056,0.4026716395353587,1.5966823040149,-0.6727584767806822,14.4
-1.0895167550834965,0.6555020394055757,1.193055442573988,-0.32884851084892047,0.3462036745701018,0.40525092259130674,-0.32486499145721376,-0.6727584767806822,19.42
-0.9645803701692286,0.6705959104713811,0.9826947794340968,-0.1000640472939702,-0.41605673370482116,0.42459554551092354,-0.3223743274319753,-0.6727584767806822,20.73
-1.0669840993238244,0.671756977476443,1.1388291382979274,-0.31009568596736686,0.2971891472087431,0.411699130231179,-0.32486499145721376,-0.6727584767806822,14.94
-1.0187546276339727,-0.6784478427100912,1.8205535095846128,-1.1867902491799853,-0.3197178350980127,0.411699130231179,1.0425095583991573,-0.6727584767806822,21.29
-1.0076321252164324,-0.255355026065519,1.8386289443432997,-0.8112649309268792,0.07408853990876565,0.4104094887032057,0.2591957224614001,-0.6727584767806822,23.08
-1.0703400267773926,0.038975459717683764,1.736876712468967,-0.8459576569577533,0.3174710205996502,0.42459554551092354,-0.032211968491596854,-0.6727584767806822,15.52
-1.0050432668951081,0.247619200527315,1.626242585928728,-0.45636772004348297,0.6250794336950737,0.42330590398295026,-0.32486499145721376,-0.6727584767806822,15.82
-0.846547607445158,-0.8364690620990217,1.0852261248756143,-0.7250019364717338,0.6504317754337076,1.3492685210686066,0.3264436511428607,-0.6727584767806822,12.55
-0.27450580207407355,-0.8364690620990217,0.6257049429500291,0.4578324929322413,-0.11858925730485118,-0.32855510682615646,1.0524722145001153,-0.6727584767806822,8.49
-0.6244810936604729,-0.8364690620990217,1.8496923569973238,-1.0719291967804705,0.9512795640654952,0.8927354201656492,-0.009795992264443783,-0.6727584767806822,15.61
-0.8049341070209122,-0.8364690620990217,0.7009673135400791,-0.5581017950259105,0.2447943076155667,0.30465888340930003,1.6078902921284766,-0.6727584767806822,12.18
-0.2613697431843922,-0.8364690620990217,0.9775526298906771,0.5094027613565126,-0.04760270043667655,0.8927354201656492,-0.22897442648550181,-0.6727584767806822,11.98
-1.0895167550834965,-0.8362368486980094,1.3717840948861775,-0.8562717106426075,-1.0194424670843056,0.4026716395353587,1.5966823040149,-0.500082082900567,16.88
-1.0895167550834965,0.6555020394055757,1.193055442573988,-0.32884851084892047,0.3462036745701018,0.40525092259130674,-0.32486499145721376,-0.500082082900567,33.09
-0.9645803701692286,0.6705959104713811,0.9826947794340968,-0.1000640472939702,-0.41605673370482116,0.42459554551092354,-0.3223743274319753,-0.500082082900567,34.24
-1.0669840993238244,0.671756977476443,1.1388291382979274,-0.31009568596736686,0.2971891472087431,0.411699130231179,-0.32486499145721376,-0.500082082900567,31.81
-1.0187546276339727,-0.6784478427100912,1.8205535095846128,-1.1867902491799853,-0.3197178350980127,0.411699130231179,1.0425095583991573,-0.500082082900567,29.75
-1.0076321252164324,-0.255355026065519,1.8386289443432997,-0.8112649309268792,0.07408853990876565,0.4104094887032057,0.2591957224614001,-0.500082082900567,33.01
-1.0703400267773926,0.038975459717683764,1.736876712468967,-0.8459576569577533,0.3174710205996502,0.42459554551092354,-0.032211968491596854,-0.500082082900567,32.9
-1.0050432668951081,0.247619200527315,1.626242585928728,-0.45636772004348297,0.6250794336950737,0.42330590398295026,-0.32486499145721376,-0.500082082900567,29.55
-0.846547607445158,-0.8364690620990217,1.0852261248756143,-0.7250019364717338,0.6504317754337076,1.3492685210686066,0.3264436511428607,-0.500082082900567,19.42
-0.27450580207407355,-0.8364690620990217,0.6257049429500291,0.4578324929322413,-0.11858925730485118,-0.32855510682615646,1.0524722145001153,-0.500082082900567,24.66
-0.6244810936604729,-0.8364690620990217,1.8496923569973238,-1.0719291967804705,0.9512795640654952,0.8927354201656492,-0.009795992264443783,-0.500082082900567,29.59
-0.8049341070209122,-0.8364690620990217,0.7009673135400791,-0.5581017950259105,0.2447943076155667,0.30465888340930003,1.6078902921284766,-0.500082082900567,24.28
-0.2613697431843922,-0.8364690620990217,0.9775526298906771,0.5094027613565126,-0.04760270043667655,0.8927354201656492,-0.22897442648550181,-0.500082082900567,20.73
-1.0895167550834965,-0.8362368486980094,1.3717840948861775,-0.8562717106426075,-1.0194424670843056,0.4026716395353587,1.5966823040149,-0.2803121270531477,26.2
-1.0895167550834965,0.6555020394055757,1.193055442573988,-0.32884851084892047,0.3462036745701018,0.40525092259130674,-0.32486499145721376,-0.2803121270531477,46.39
-0.9645803701692286,0.6705959104713811,0.9826947794340968,-0.1000640472939702,-0.41605673370482116,0.42459554551092354,-0.3223743274319753,-0.2803121270531477,39.16
-1.0669840993238244,0.671756977476443,1.1388291382979274,-0.31009568596736686,0.2971891472087431,0.411699130231179,-0.32486499145721376,-0.2803121270531477,41.2
-1.0187546276339727,-0.6784478427100912,1.8205535095846128,-1.1867902491799853,-0.3197178350980127,0.411699130231179,1.0425095583991573,-0.2803121270531477,33.69
-1.0076321252164324,-0.255355026065519,1.8386289443432997,-0.8112649309268792,0.07408853990876565,0.4104094887032057,0.2591957224614001,-0.2803121270531477,38.2
-1.0703400267773926,0.038975459717683764,1.736876712468967,-0.8459576569577533,0.3174710205996502,0.42459554551092354,-0.032211968491596854,-0.2803121270531477,41.41
-1.0050432668951081,0.247619200527315,1.626242585928728,-0.45636772004348297,0.6250794336950737,0.42330590398295026,-0.32486499145721376,-0.2803121270531477,37.81
-0.846547607445158,-0.8364690620990217,1.0852261248756143,-0.7250019364717338,0.6504317754337076,1.3492685210686066,0.3264436511428607,-0.2803121270531477,24.85
-0.27450580207407355,-0.8364690620990217,0.6257049429500291,0.4578324929322413,-0.11858925730485118,-0.32855510682615646,1.0524722145001153,-0.2803121270531477,27.22
-0.6244810936604729,-0.8364690620990217,1.8496923569973238,-1.0719291967804705,0.9512795640654952,0.8927354201656492,-0.009795992264443783,-0.2803121270531477,44.64
-0.8049341070209122,-0.8364690620990217,0.7009673135400791,-0.5581017950259105,0.2447943076155667,0.30465888340930003,1.6078902921284766,-0.2803121270531477,37.27
-0.2613697431843922,-0.8364690620990217,0.9775526298906771,0.5094027613565126,-0.04760270043667655,0.8927354201656492,-0.22897442648550181,-0.2803121270531477,33.27
-1.0895167550834965,-0.8362368486980094,1.3717840948861775,-0.8562717106426075,-1.0194424670843056,0.4026716395353587,1.5966823040149,0.15922778464169102,36.56
-1.0895167550834965,0.6555020394055757,1.193055442573988,-0.32884851084892047,0.3462036745701018,0.40525092259130674,-0.32486499145721376,0.15922778464169102,53.72
-0.9645803701692286,0.6705959104713811,0.9826947794340968,-0.1000640472939702,-0.41605673370482116,0.42459554551092354,-0.3223743274319753,0.15922778464169102,48.59
-1.0669840993238244,0.671756977476443,1.1388291382979274,-0.31009568596736686,0.2971891472087431,0.411699130231179,-0.32486499145721376,0.15922778464169102,51.72
-1.0187546276339727,-0.6784478427100912,1.8205535095846128,-1.1867902491799853,-0.3197178350980127,0.411699130231179,1.0425095583991573,0.15922778464169102,35.85
-1.0076321252164324,-0.255355026065519,1.8386289443432997,-0.8112649309268792,0.07408853990876565,0.4104094887032057,0.2591957224614001,0.15922778464169102,53.77
-1.0703400267773926,0.038975459717683764,1.736876712468967,-0.8459576569577533,0.3174710205996502,0.42459554551092354,-0.032211968491596854,0.15922778464169102,53.46
-1.0050432668951081,0.247619200527315,1.626242585928728,-0.45636772004348297,0.6250794336950737,0.42330590398295026,-0.32486499145721376,0.15922778464169102,48.99
-0.846547607445158,-0.8364690620990217,1.0852261248756143,-0.7250019364717338,0.6504317754337076,1.3492685210686066,0.3264436511428607,0.15922778464169102,31.72
-0.27450580207407355,-0.8364690620990217,0.6257049429500291,0.4578324929322413,-0.11858925730485118,-0.32855510682615646,1.0524722145001153,0.15922778464169102,39.64
-0.6244810936604729,-0.8364690620990217,1.8496923569973238,-1.0719291967804705,0.9512795640654952,0.8927354201656492,-0.009795992264443783,0.15922778464169102,51.26
-0.8049341070209122,-0.8364690620990217,0.7009673135400791,-0.5581017950259105,0.2447943076155667,0.30465888340930003,1.6078902921284766,0.15922778464169102,43.39
-0.2613697431843922,-0.8364690620990217,0.9775526298906771,0.5094027613565126,-0.04760270043667655,0.8927354201656492,-0.22897442648550181,0.15922778464169102,39.27
-1.0895167550834965,-0.8362368486980094,1.3717840948861775,-0.8562717106426075,-1.0194424670843056,0.4026716395353587,1.5966823040149,0.8499333601621518,37.96
-1.0895167550834965,0.6555020394055757,1.193055442573988,-0.32884851084892047,0.3462036745701018,0.40525092259130674,-0.32486499145721376,0.8499333601621518,55.02
-0.9645803701692286,0.6705959104713811,0.9826947794340968,-0.1000640472939702,-0.41605673370482116,0.42459554551092354,-0.3223743274319753,0.8499333601621518,49.99
-1.0669840993238244,0.671756977476443,1.1388291382979274,-0.31009568596736686,0.2971891472087431,0.411699130231179,-0.32486499145721376,0.8499333601621518,53.66
-1.0187546276339727,-0.6784478427100912,1.8205535095846128,-1.1867902491799853,-0.3197178350980127,0.411699130231179,1.0425095583991573,0.8499333601621518,37.68
-1.0076321252164324,-0.255355026065519,1.8386289443432997,-0.8112649309268792,0.07408853990876565,0.4104094887032057,0.2591957224614001,0.8499333601621518,56.06
-1.0703400267773926,0.038975459717683764,1.736876712468967,-0.8459576569577533,0.3174710205996502,0.42459554551092354,-0.032211968491596854,0.8499333601621518,56.81
-1.0050432668951081,0.247619200527315,1.626242585928728,-0.45636772004348297,0.6250794336950737,0.42330590398295026,-0.32486499145721376,0.8499333601621518,50.94
-0.846547607445158,-0.8364690620990217,1.0852261248756143,-0.7250019364717338,0.6504317754337076,1.3492685210686066,0.3264436511428607,0.8499333601621518,33.56
-0.27450580207407355,-0.8364690620990217,0.6257049429500291,0.4578324929322413,-0.11858925730485118,-0.32855510682615646,1.0524722145001153,0.8499333601621518,41.16
-0.6244810936604729,-0.8364690620990217,1.8496923569973238,-1.0719291967804705,0.9512795640654952,0.8927354201656492,-0.009795992264443783,0.8499333601621518,52.96
-0.8049341070209122,-0.8364690620990217,0.7009673135400791,-0.5581017950259105,0.2447943076155667,0.30465888340930003,1.6078902921284766,0.8499333601621518,44.28
-0.2613697431843922,-0.8364690620990217,0.9775526298906771,0.5094027613565126,-0.04760270043667655,0.8927354201656492,-0.22897442648550181,0.8499333601621518,40.15
1.6048135719241257,-0.5578129808841553,0.3656368342237484,-0.9411282432316365,0.9428287834859505,-0.09512999026278027,-0.7557498678236116,-0.2803121270531477,57.03
1.6048135719241257,-0.5578129808841553,0.3656368342237484,-0.9411282432316365,0.9478992518336774,-0.09512999026278027,-0.7557498678236116,-0.2803121270531477,44.42
1.6048135719241257,-0.5578129808841553,0.3656368342237484,-0.9411282432316365,0.9478992518336774,-0.09512999026278027,-0.7557498678236116,-0.2803121270531477,51.02
1.6048135719241257,-0.5578129808841553,0.3656368342237484,-0.9411282432316365,0.7214183323018821,-0.09512999026278027,-0.7557498678236116,-0.2803121270531477,53.39
1.6048135719241257,-0.5578129808841553,0.3656368342237484,-0.9411282432316365,0.9428287834859505,-0.09512999026278027,-0.7557498678236116,-0.6727584767806822,35.36
1.6048135719241257,-0.5578129808841553,0.3656368342237484,-0.9411282432316365,0.9478992518336774,-0.09512999026278027,-0.7557498678236116,-0.6727584767806822,25.02
1.6048135719241257,-0.5578129808841553,0.3656368342237484,-0.9411282432316365,0.9478992518336774,-0.09512999026278027,-0.7557498678236116,-0.6727584767806822,23.35
1.6048135719241257,-0.5578129808841553,0.3656368342237484,-0.9411282432316365,0.9428287834859505,-0.09512999026278027,-0.7557498678236116,-0.6099670608242767,52.01
1.6048135719241257,-0.5578129808841553,0.3656368342237484,-0.9411282432316365,0.9478992518336774,-0.09512999026278027,-0.7557498678236116,-0.6099670608242767,38.02
1.6048135719241257,-0.5578129808841553,0.3656368342237484,-0.9411282432316365,0.9478992518336774,-0.09512999026278027,-0.7557498678236116,-0.6099670608242767,39.3
1.6048135719241257,-0.5578129808841553,0.3656368342237484,-0.9411282432316365,0.9428287834859505,-0.09512999026278027,-0.7557498678236116,0.15922778464169102,61.07
1.6048135719241257,-0.5578129808841553,0.3656368342237484,-0.9411282432316365,0.9478992518336774,-0.09512999026278027,-0.7557498678236116,0.15922778464169102,56.14
1.6048135719241257,-0.5578129808841553,0.3656368342237484,-0.9411282432316365,0.9478992518336774,-0.09512999026278027,-0.7557498678236116,0.15922778464169102,55.25
1.6048135719241257,-0.5578129808841553,0.3656368342237484,-0.9411282432316365,0.7214183323018821,-0.09512999026278027,-0.7557498678236116,0.15922778464169102,54.77
1.0391000868940554,-0.604255661086633,0.5993709043791834,-1.1755385542510528,1.400861090897268,-0.4691260333753715,0.900541708960518,-0.2803121270531477,50.24
1.0391000868940554,-0.604255661086633,0.5993709043791834,-1.1755385542510528,1.33494500237682,-0.4691260333753715,0.900541708960518,-0.2803121270531477,46.68
1.0391000868940554,-0.604255661086633,0.5993709043791834,-1.1755385542510528,0.9428287834859505,-0.4691260333753715,0.900541708960518,-0.2803121270531477,46.68
1.0391000868940554,-0.604255661086633,0.5993709043791834,-1.1755385542510528,1.400861090897268,-0.4691260333753715,0.900541708960518,-0.6727584767806822,22.75
1.0391000868940554,-0.604255661086633,0.5993709043791834,-1.1755385542510528,1.33494500237682,-0.4691260333753715,0.900541708960518,-0.6727584767806822,25.51
1.0391000868940554,-0.604255661086633,0.5993709043791834,-1.1755385542510528,0.9428287834859505,-0.4691260333753715,0.900541708960518,-0.6727584767806822,34.77
1.0391000868940554,-0.604255661086633,0.5993709043791834,-1.1755385542510528,1.400861090897268,-0.4691260333753715,0.900541708960518,-0.6099670608242767,36.84
1.0391000868940554,-0.604255661086633,0.5993709043791834,-1.1755385542510528,1.33494500237682,-0.4691260333753715,0.900541708960518,-0.6099670608242767,45.9
1.0391000868940554,-0.604255661086633,0.5993709043791834,-1.1755385542510528,0.9428287834859505,-0.4691260333753715,0.900541708960518,-0.6099670608242767,41.67
1.0391000868940554,-0.604255661086633,0.5993709043791834,-1.1755385542510528,1.400861090897268,-0.4691260333753715,0.900541708960518,0.15922778464169102,56.34
1.0391000868940554,-0.604255661086633,0.5993709043791834,-1.1755385542510528,1.33494500237682,-0.4691260333753715,0.900541708960518,0.15922778464169102,47.97
1.0391000868940554,-0.604255661086633,0.5993709043791834,-1.1755385542510528,0.9428287834859505,-0.4691260333753715,0.900541708960518,0.15922778464169102,61.46
0.7322724339963903,-0.6158663311372524,0.6461177184102704,-1.7381233006976524,1.1997325131041066,-0.09512999026278027,1.2243280322416261,-0.2803121270531477,44.03
0.7322724339963903,-0.6158663311372524,0.6461177184102704,-1.7381233006976524,1.0509987749041214,-0.09512999026278027,1.2243280322416261,-0.2803121270531477,55.45
2.036289958811467,-0.5345916407829164,1.0512567733463576,1.3092107425547619,-0.35521111353209994,-1.191325289041065,-0.9176430294641656,-0.2803121270531477,55.55
2.036289958811467,-0.5345916407829164,1.0512567733463576,0.8872721827198121,-0.35521111353209994,-1.9651102058257366,-0.9176430294641656,-0.2803121270531477,57.92
2.036289958811467,-0.5345916407829164,1.0512567733463576,1.3092107425547619,-0.35521111353209994,-1.191325289041065,-0.9176430294641656,-0.6727584767806822,25.61
2.036289958811467,-0.5345916407829164,1.0512567733463576,1.3092107425547619,-0.35521111353209994,-1.191325289041065,-0.9176430294641656,-0.6099670608242767,33.49
2.036289958811467,-0.5345916407829164,1.0512567733463576,1.3092107425547619,-0.35521111353209994,-1.191325289041065,-0.9176430294641656,0.15922778464169102,59.59
2.036289958811467,-0.5345916407829164,1.0512567733463576,0.8872721827198121,-0.35521111353209994,-1.9651102058257366,-0.9176430294641656,-0.6727584767806822,29.55
2.036289958811467,-0.5345916407829164,1.0512567733463576,0.8872721827198121,-0.35521111353209994,-1.9651102058257366,-0.9176430294641656,-0.6099670608242767,37.92
2.036289958811467,-0.5345916407829164,1.0512567733463576,0.8872721827198121,-0.35521111353209994,-1.9651102058257366,-0.9176430294641656,0.15922778464169102,61.86
1.3938695605569809,-0.5810343209853941,1.1914972154396186,-0.19101524796950367,0.4138099192064587,-1.9651102058257366,-0.28252370302814606,-0.2803121270531477,62.05
1.3938695605569809,-0.5810343209853941,1.1914972154396186,-0.19101524796950367,0.4138099192064587,-1.191325289041065,-0.28252370302814606,-0.6727584767806822,32.01
1.3938695605569809,-0.5810343209853941,1.1914972154396186,-0.6598358700083367,0.48817678830645106,-1.9651102058257366,-0.28252370302814606,-0.2803121270531477,72.1
1.3938695605569809,-0.5810343209853941,1.1914972154396186,-0.19101524796950367,0.4138099192064587,-1.9651102058257366,-0.28252370302814606,-0.6099670608242767,39.0
1.3938695605569809,-0.5810343209853941,1.1914972154396186,-0.19101524796950367,0.4138099192064587,-1.9651102058257366,-0.28252370302814606,0.15922778464169102,65.7
1.3938695605569809,-0.5810343209853941,1.1914972154396186,-0.6598358700083367,0.48817678830645106,-1.9651102058257366,-0.28252370302814606,-0.6727584767806822,32.11
1.3938695605569809,-0.5810343209853941,1.1914972154396186,-0.6598358700083367,0.48817678830645106,-1.9651102058257366,-0.28252370302814606,-0.6099670608242767,40.29
1.3938695605569809,-0.5810343209853941,1.1914972154396186,-0.6598358700083367,0.48817678830645106,-1.9651102058257366,-0.28252370302814606,0.15922778464169102,74.36
-0.7347472814205713,-0.708751691542208,1.3317376575328796,1.1216824937392287,-0.7287356151479714,-0.4175403722563934,0.3525956234078736,-0.2803121270531477,21.97
-0.7347472814205713,-0.708751691542208,1.3317376575328796,1.1216824937392287,-0.7287356151479714,-0.4175403722563934,0.3525956234078736,-0.6727584767806822,9.85
-0.7347472814205713,-0.708751691542208,1.3317376575328796,1.1216824937392287,-0.7287356151479714,-0.4175403722563934,0.3525956234078736,-0.6099670608242767,15.07
-0.7347472814205713,-0.708751691542208,1.3317376575328796,1.1216824937392287,-0.7287356151479714,-0.4175403722563934,0.3525956234078736,0.15922778464169102,23.25
0.05149857912969573,-0.6623090113397302,1.3317376575328796,-0.1441331857656204,-0.09661722779803524,-1.707181900230846,0.3525956234078736,-0.2803121270531477,43.73
0.05149857912969573,-0.6623090113397302,1.3317376575328796,-0.1441331857656204,-0.09661722779803524,-1.707181900230846,0.3525956234078736,-0.6727584767806822,13.4
0.05149857912969573,-0.6623090113397302,1.3317376575328796,-0.1441331857656204,-0.09661722779803524,-1.707181900230846,0.3525956234078736,-0.6099670608242767,24.13
0.05149857912969573,-0.6623090113397302,1.3317376575328796,-0.1441331857656204,-0.09661722779803524,-1.707181900230846,0.3525956234078736,0.15922778464169102,44.52
0.7706258906085984,-0.6158663311372524,1.3317376575328796,-1.3161847408627028,0.8245178553723262,-0.4175403722563934,0.3525956234078736,-0.2803121270531477,62.94
0.7706258906085984,-0.6158663311372524,1.3317376575328796,-1.3161847408627028,0.8245178553723262,-0.4175403722563934,0.3525956234078736,-0.2803121270531477,59.49
0.7706258906085984,-0.6158663311372524,1.3317376575328796,-1.3161847408627028,0.8245178553723262,-0.4175403722563934,0.3525956234078736,-0.6727584767806822,25.12
0.7706258906085984,-0.6158663311372524,1.3317376575328796,-1.3161847408627028,0.8245178553723262,-0.4175403722563934,0.3525956234078736,-0.6727584767806822,23.64
0.7706258906085984,-0.6158663311372524,1.3317376575328796,-1.3161847408627028,0.8245178553723262,-0.4175403722563934,0.3525956234078736,-0.6099670608242767,35.75
0.7706258906085984,-0.6158663311372524,1.3317376575328796,-1.3161847408627028,0.8245178553723262,-0.4175403722563934,0.3525956234078736,-0.6099670608242767,38.61
0.7706258906085984,-0.6158663311372524,1.3317376575328796,-1.3161847408627028,0.8245178553723262,-0.4175403722563934,0.3525956234078736,0.15922778464169102,68.75
0.7706258906085984,-0.6158663311372524,1.3317376575328796,-1.3161847408627028,0.8245178553723262,-0.4175403722563934,0.3525956234078736,0.15922778464169102,66.78
1.5089299303936052,-0.8364690620990217,-0.8653626019282094,1.684267240185828,-1.0194424670843056,-1.7536089952379266,-0.6598593028518983,-0.2803121270531477,23.85
0.09944039989495591,-0.8364690620990217,-0.8653626019282094,0.46533362288486246,-1.0194424670843056,-0.7889571323130352,1.5269437113081996,0.692954820271138,32.07
0.09944039989495591,-0.8364690620990217,-0.8653626019282094,0.46533362288486246,-1.0194424670843056,-0.7889571323130352,1.5269437113081996,-0.6727584767806822,11.65
1.0966302718123677,-0.8364690620990217,-0.8653626019282094,0.46533362288486246,-1.0194424670843056,-0.4355953536480355,0.16081449346444834,-0.6727584767806822,19.2
1.0966302718123677,-0.8364690620990217,-0.8653626019282094,0.46533362288486246,-1.0194424670843056,-0.4355953536480355,0.16081449346444834,0.692954820271138,48.85
1.0966302718123677,-0.8364690620990217,-0.8653626019282094,0.46533362288486246,-1.0194424670843056,-0.4355953536480355,0.16081449346444834,-0.2803121270531477,39.6
1.9308179531278948,-0.8364690620990217,-0.8653626019282094,0.46533362288486246,-1.0194424670843056,-0.49233958087891105,-0.7532592037983717,-0.2803121270531477,43.94
1.9308179531278948,-0.8364690620990217,-0.8653626019282094,0.46533362288486246,-1.0194424670843056,-0.49233958087891105,-0.7532592037983717,-0.6099670608242767,34.57
1.9308179531278948,-0.8364690620990217,-0.8653626019282094,0.46533362288486246,-1.0194424670843056,-0.49233958087891105,-0.7532592037983717,0.692954820271138,54.32
1.9308179531278948,-0.8364690620990217,-0.8653626019282094,0.46533362288486246,-1.0194424670843056,-0.49233958087891105,-0.7532592037983717,-0.6727584767806822,24.4
0.5213284226292455,-0.8364690620990217,-0.8653626019282094,0.46533362288486246,-1.0194424670843056,-0.5568216572776337,0.8706537406576468,-0.6727584767806822,15.62
-0.22656398130881333,-0.8364690620990217,-0.8653626019282094,0.46533362288486246,-1.0194424670843056,-1.0907332498590583,2.1458737215801644,0.692954820271138,21.86
-0.22656398130881333,-0.8364690620990217,-0.8653626019282094,0.46533362288486246,-1.0194424670843056,-1.0907332498590583,2.1458737215801644,-0.6099670608242767,10.22
0.09944039989495591,-0.8364690620990217,-0.8653626019282094,0.46533362288486246,-1.0194424670843056,-0.7889571323130352,1.5269437113081996,-0.6099670608242767,14.6
-0.22656398130881333,-0.8364690620990217,-0.8653626019282094,0.46533362288486246,-1.0194424670843056,-1.0907332498590583,2.1458737215801644,-0.2803121270531477,18.75
0.5213284226292455,-0.8364690620990217,-0.8653626019282094,0.46533362288486246,-1.0194424670843056,-0.5568216572776337,0.8706537406576468,-0.2803121270531477,31.97
0.5213284226292455,-0.8364690620990217,-0.8653626019282094,0.46533362288486246,-1.0194424670843056,-0.5568216572776337,0.8706537406576468,-0.6099670608242767,23.4
0.09944039989495591,-0.8364690620990217,-0.8653626019282094,0.46533362288486246,-1.0194424670843056,-0.7889571323130352,1.5269437113081996,-0.2803121270531477,25.57
0.5213284226292455,-0.8364690620990217,-0.8653626019282094,0.46533362288486246,-1.0194424670843056,-0.5568216572776337,0.8706537406576468,0.692954820271138,41.68
1.0966302718123677,-0.8364690620990217,-0.8653626019282094,0.46533362288486246,-1.0194424670843056,-0.4355953536480355,0.16081449346444834,-0.6099670608242767,27.74
-0.22656398130881333,-0.8364690620990217,-0.8653626019282094,0.46533362288486246,-1.0194424670843056,-1.0907332498590583,2.1458737215801644,-0.6727584767806822,8.2
-1.1489646128324191,1.9291925439585276,-0.8653626019282094,0.16997663100039717,-1.0194424670843056,0.8540461743264156,-0.47804082900943107,-0.6099670608242767,9.62
-0.37422478926581476,3.3364057540936027,-0.8653626019282094,0.16997663100039717,-1.0194424670843056,-0.4226989383682909,-1.3497732378431835,-0.6099670608242767,25.42
-0.38764849908008764,1.0073053419393447,-0.8653626019282094,0.16997663100039717,-1.0194424670843056,0.8540461743264156,-0.47804082900943107,-0.6099670608242767,15.69
-0.9274734008969172,2.3309217277099603,-0.8653626019282094,0.16997663100039717,-1.0194424670843056,0.4903672634376209,-0.7271072315333603,-0.2803121270531477,27.94
-0.8162483767215136,2.532947386590738,-0.8653626019282094,0.16997663100039717,-1.0194424670843056,0.30723816646524954,-0.851640432795325,-0.2803121270531477,32.63
-0.22176979923228732,1.1408280475214683,-0.8653626019282094,0.16997663100039717,-1.0194424670843056,0.6734963604099923,-0.6025740302713958,-0.6099670608242767,17.24
-0.05589109938448698,1.2755118201086537,-0.8653626019282094,0.16997663100039717,-1.0194424670843056,0.4903672634376209,-0.7271072315333603,-0.6099670608242767,19.77
-0.37422478926581476,3.3364057540936027,-0.8653626019282094,0.16997663100039717,-1.0194424670843056,-0.4226989383682909,-1.3497732378431835,-0.2803121270531477,39.44
-0.5544860353431929,0.8726215693521591,-0.8653626019282094,0.16997663100039717,-1.0194424670843056,1.039754554354738,-0.35350762774746647,-0.2803121270531477,25.75
1.1349837284245758,-0.8364690620990217,-0.8653626019282094,0.16997663100039717,-1.0194424670843056,0.8540461743264156,-0.47804082900943107,-0.2803121270531477,33.08
0.9959524482053214,-0.8364690620990217,-0.8653626019282094,0.16997663100039717,-1.0194424670843056,0.9469003643405768,-0.4157742283784488,-0.6099670608242767,24.07
-0.6513285132890186,2.8336637409017817,-0.8653626019282094,0.16997663100039717,-1.0194424670843056,0.03383416253466499,-1.038440234688272,-0.6099670608242767,21.82
-1.1489646128324191,1.9291925439585276,-0.8653626019282094,0.16997663100039717,-1.0194424670843056,0.8540461743264156,-0.47804082900943107,-0.2803121270531477,21.07
0.16464127613570986,-0.8364690620990217,-0.8653626019282094,0.16997663100039717,-1.0194424670843056,1.50918407053744,-0.042174624592554874,-0.6099670608242767,14.84
-0.22176979923228732,1.1408280475214683,-0.8653626019282094,0.16997663100039717,-1.0194424670843056,0.6734963604099923,-0.6025740302713958,-0.2803121270531477,32.05
-0.7203647351909932,0.7390988637700355,-0.8653626019282094,0.16997663100039717,-1.0194424670843056,1.3131585582853225,-0.16670782585451951,-0.6099670608242767,11.96
1.1349837284245758,-0.8364690620990217,-0.8653626019282094,0.16997663100039717,-1.0194424670843056,0.8540461743264156,-0.47804082900943107,-0.6099670608242767,25.45
0.9854052476369639,-0.8364690620990217,-0.8653626019282094,0.16997663100039717,-1.0194424670843056,1.6794167522300654,0.14462517730039207,-0.2803121270531477,22.49
0.16464127613570986,-0.8364690620990217,-0.8653626019282094,0.16997663100039717,-1.0194424670843056,1.50918407053744,-0.042174624592554874,-0.2803121270531477,25.22
-0.48544981344121835,3.135541162217887,-0.8653626019282094,0.16997663100039717,-1.0194424670843056,-0.23956984139591955,-1.2252400365812188,-0.2803121270531477,39.7
-0.5544860353431929,0.8726215693521591,-0.8653626019282094,0.16997663100039717,-1.0194424670843056,1.039754554354738,-0.35350762774746647,-0.6099670608242767,13.09
0.35928506844266633,1.609899117566493,-0.8653626019282094,0.16997663100039717,-1.0194424670843056,0.03383416253466499,-1.038440234688272,-0.2803121270531477,38.7
-1.3704558247679215,1.5263022932020331,-0.8653626019282094,0.16997663100039717,-1.0194424670843056,1.3131585582853225,-0.16670782585451951,-0.6099670608242767,7.51
-0.38860733549539284,-0.8364690620990217,-0.8653626019282094,0.16997663100039717,-1.0194424670843056,1.862545849202438,0.2068917779313744,-0.2803121270531477,17.58
0.5807762803781681,-0.8364690620990217,-0.8653626019282094,0.16997663100039717,-1.0194424670843056,1.2228836513271109,-0.22897442648550181,-0.6099670608242767,21.18
-1.3704558247679215,1.5263022932020331,-0.8653626019282094,0.16997663100039717,-1.0194424670843056,1.3131585582853225,-0.16670782585451951,-0.2803121270531477,18.2
-0.8162483767215136,2.532947386590738,-0.8653626019282094,0.16997663100039717,-1.0194424670843056,0.30723816646524954,-0.851640432795325,-0.6099670608242767,17.2
-0.7203647351909932,0.7390988637700355,-0.8653626019282094,0.16997663100039717,-1.0194424670843056,1.3131585582853225,-0.16670782585451951,-0.2803121270531477,22.63
0.11094643687861824,1.410195592695839,-0.8653626019282094,0.16997663100039717,-1.0194424670843056,0.30723816646524954,-0.851640432795325,-0.6099670608242767,21.86
-0.9274734008969172,2.3309217277099603,-0.8653626019282094,0.16997663100039717,-1.0194424670843056,0.4903672634376209,-0.7271072315333603,-0.6099670608242767,12.37
-1.0386984250723208,0.9689901307723005,-0.8653626019282094,0.16997663100039717,-1.0194424670843056,0.6734963604099923,-0.6025740302713958,-0.2803121270531477,25.73
-0.6513285132890186,2.8336637409017817,-0.8653626019282094,0.16997663100039717,-1.0194424670843056,0.03383416253466499,-1.038440234688272,-0.2803121270531477,37.81
-0.48544981344121835,3.135541162217887,-0.8653626019282094,0.16997663100039717,-1.0194424670843056,-0.23956984139591955,-1.2252400365812188,-0.6099670608242767,21.92
0.11094643687861824,1.410195592695839,-0.8653626019282094,0.16997663100039717,-1.0194424670843056,0.30723816646524954,-0.851640432795325,-0.2803121270531477,33.04
0.9854052476369639,-0.8364690620990217,-0.8653626019282094,0.16997663100039717,-1.0194424670843056,1.6794167522300654,0.14462517730039207,-0.6099670608242767,14.54
-0.38764849908008764,1.0073053419393447,-0.8653626019282094,0.16997663100039717,-1.0194424670843056,0.8540461743264156,-0.47804082900943107,-0.2803121270531477,26.91
-0.8862434350387935,0.6044150911828501,-0.8653626019282094,0.16997663100039717,-1.0194424670843056,1.4060127482994838,-0.10444122522353719,-0.6099670608242767,8.0
0.5807762803781681,-0.8364690620990217,-0.8653626019282094,0.16997663100039717,-1.0194424670843056,1.2228836513271109,-0.22897442648550181,-0.2803121270531477,31.9
-0.38860733549539284,-0.8364690620990217,-0.8653626019282094,0.16997663100039717,-1.0194424670843056,1.862545849202438,0.2068917779313744,-0.6099670608242767,10.34
-0.25053489169144344,-0.8364690620990217,-0.8653626019282094,0.16997663100039717,-1.0194424670843056,1.769691659188277,0.14462517730039207,-0.2803121270531477,19.77
0.9959524482053214,-0.8364690620990217,-0.8653626019282094,0.16997663100039717,-1.0194424670843056,0.9469003643405768,-0.4157742283784488,-0.2803121270531477,37.44
-0.25053489169144344,-0.8364690620990217,-0.8653626019282094,0.16997663100039717,-1.0194424670843056,1.769691659188277,0.14462517730039207,-0.6099670608242767,11.48
0.35928506844266633,1.609899117566493,-0.8653626019282094,0.16997663100039717,-1.0194424670843056,0.03383416253466499,-1.038440234688272,-0.6099670608242767,24.44
-0.8862434350387935,0.6044150911828501,-0.8653626019282094,0.16997663100039717,-1.0194424670843056,1.4060127482994838,-0.10444122522353719,-0.2803121270531477,17.6
-1.0386984250723208,0.9689901307723005,-0.8653626019282094,0.16997663100039717,-1.0194424670843056,0.6734963604099923,-0.6025740302713958,-0.6099670608242767,10.73
-0.05589109938448698,1.2755118201086537,-0.8653626019282094,0.16997663100039717,-1.0194424670843056,0.4903672634376209,-0.7271072315333603,-0.2803121270531477,31.38
0.5788586075475577,-0.8364690620990217,-0.8653626019282094,0.6997439339042789,-1.0194424670843056,-0.08223357498303574,0.10352922088394431,-0.6727584767806822,13.22
0.5788586075475577,-0.8364690620990217,-0.8653626019282094,0.6997439339042789,-1.0194424670843056,-0.08223357498303574,0.10352922088394431,-0.6099670608242767,20.97
0.5788586075475577,-0.8364690620990217,-0.8653626019282094,0.6997439339042789,-1.0194424670843056,-0.08223357498303574,0.10352922088394431,-0.500082082900567,27.04
0.5788586075475577,-0.8364690620990217,-0.8653626019282094,0.6997439339042789,-1.0194424670843056,-0.08223357498303574,0.10352922088394431,-0.2803121270531477,32.04
0.5788586075475577,-0.8364690620990217,-0.8653626019282094,0.6997439339042789,-1.0194424670843056,-0.08223357498303574,0.10352922088394431,0.692954820271138,35.17
0.5788586075475577,-0.8364690620990217,-0.8653626019282094,0.6997439339042789,-1.0194424670843056,-0.08223357498303574,0.10352922088394431,2.1057616792902625,36.45
0.5788586075475577,-0.8364690620990217,-0.8653626019282094,0.6997439339042789,-1.0194424670843056,-0.08223357498303574,0.10352922088394431,5.009864667274018,38.89
-0.40874290021680204,-0.8364690620990217,-0.8653626019282094,0.5590977472926291,-1.0194424670843056,-0.08223357498303574,1.3986745140083765,-0.6727584767806822,6.47
-0.40874290021680204,-0.8364690620990217,-0.8653626019282094,0.5590977472926291,-1.0194424670843056,-0.08223357498303574,1.3986745140083765,-0.500082082900567,12.84
-0.40874290021680204,-0.8364690620990217,-0.8653626019282094,0.5590977472926291,-1.0194424670843056,-0.08223357498303574,1.3986745140083765,-0.2803121270531477,18.42
-0.40874290021680204,-0.8364690620990217,-0.8653626019282094,0.5590977472926291,-1.0194424670843056,-0.08223357498303574,1.3986745140083765,0.692954820271138,21.95
-0.40874290021680204,-0.8364690620990217,-0.8653626019282094,0.5122156850887458,-1.0194424670843056,-0.08223357498303574,1.3986745140083765,2.1057616792902625,24.1
-0.40874290021680204,-0.8364690620990217,-0.8653626019282094,0.5122156850887458,-1.0194424670843056,-0.08223357498303574,1.3986745140083765,5.009864667274018,25.08
-0.01561996994166853,-0.8364690620990217,-0.8653626019282094,0.41845156068097916,-1.0194424670843056,-0.08223357498303574,1.037528230348679,-0.500082082900567,21.26
-0.01561996994166853,-0.8364690620990217,-0.8653626019282094,0.41845156068097916,-1.0194424670843056,-0.08223357498303574,1.037528230348679,-0.2803121270531477,25.97
-0.01561996994166853,-0.8364690620990217,-0.8653626019282094,0.41845156068097916,-1.0194424670843056,-0.08223357498303574,1.037528230348679,-0.6727584767806822,11.36
-0.01561996994166853,-0.8364690620990217,-0.8653626019282094,0.41845156068097916,-1.0194424670843056,-0.08223357498303574,1.037528230348679,0.692954820271138,31.25
-0.01561996994166853,-0.8364690620990217,-0.8653626019282094,0.41845156068097916,-1.0194424670843056,-0.08223357498303574,1.037528230348679,2.1057616792902625,32.33
-0.01561996994166853,-0.8364690620990217,-0.8653626019282094,0.41845156068097916,-1.0194424670843056,-0.08223357498303574,1.037528230348679,4.9313753973285115,33.7
-0.23615234546186537,-0.8364690620990217,-0.8653626019282094,0.7466259961081623,-1.0194424670843056,-0.08223357498303574,1.1247014712320542,-0.6727584767806822,9.31
-0.23615234546186537,-0.8364690620990217,-0.8653626019282094,0.7466259961081623,-1.0194424670843056,-0.08223357498303574,1.1247014712320542,0.692954820271138,26.94
-0.23615234546186537,-0.8364690620990217,-0.8653626019282094,0.7466259961081623,-1.0194424670843056,-0.08223357498303574,1.1247014712320542,2.1057616792902625,27.63
-0.23615234546186537,-0.8364690620990217,-0.8653626019282094,0.7466259961081623,-1.0194424670843056,-0.08223357498303574,1.1247014712320542,5.009864667274018,29.79
0.2720309546498926,-0.8364690620990217,-0.8653626019282094,0.5122156850887458,-1.0194424670843056,-0.08223357498303574,0.4895821447960347,2.1057616792902625,34.49
0.2720309546498926,-0.8364690620990217,-0.8653626019282094,0.5122156850887458,-1.0194424670843056,-0.08223357498303574,0.4895821447960347,5.009864667274018,36.15
0.2720309546498926,-0.8364690620990217,-0.8653626019282094,0.5122156850887458,-1.0194424670843056,-0.08223357498303574,0.4895821447960347,-0.6727584767806822,12.54
0.2720309546498926,-0.8364690620990217,-0.8653626019282094,0.5122156850887458,-1.0194424670843056,-0.08223357498303574,0.4895821447960347,-0.2803121270531477,27.53
0.2720309546498926,-0.8364690620990217,-0.8653626019282094,0.5122156850887458,-1.0194424670843056,-0.08223357498303574,0.4895821447960347,0.692954820271138,32.92
-0.40874290021680204,-0.8364690620990217,-0.8653626019282094,0.5122156850887458,-1.0194424670843056,-0.08223357498303574,1.3986745140083765,-0.6099670608242767,9.99
-0.7539240097266754,-0.8364690620990217,-0.8653626019282094,-0.09725112356173708,-1.0194424670843056,1.9425036239368547,0.900541708960518,-0.6099670608242767,7.84
-0.7539240097266754,-0.8364690620990217,-0.8653626019282094,-0.09725112356173708,-1.0194424670843056,1.9425036239368547,0.900541708960518,-0.2803121270531477,12.25
-0.5142149059003744,-0.8364690620990217,-0.8653626019282094,-0.05036906135785379,-1.0194424670843056,1.7877466405799205,0.7511018674461604,-0.6099670608242767,11.17
-0.5142149059003744,-0.8364690620990217,-0.8653626019282094,-0.05036906135785379,-1.0194424670843056,1.7877466405799205,0.7511018674461604,-0.2803121270531477,17.34
0.44462150940482925,-0.8364690620990217,-0.8653626019282094,0.0902771252537961,-1.0194424670843056,1.1429258765926942,0.12843586113633723,-0.6099670608242767,17.54
0.44462150940482925,-0.8364690620990217,-0.8653626019282094,0.0902771252537961,-1.0194424670843056,1.1429258765926942,0.12843586113633723,-0.2803121270531477,30.57
-0.0347966982477726,-0.8364690620990217,-0.8653626019282094,0.0433950630499128,-1.0194424670843056,1.4653362585863072,0.43976886429124884,-0.6099670608242767,14.2
-0.0347966982477726,-0.8364690620990217,-0.8653626019282094,0.0433950630499128,-1.0194424670843056,1.4653362585863072,0.43976886429124884,-0.2803121270531477,24.5
0.2049124055785283,-0.8364690620990217,-0.8653626019282094,0.0902771252537961,-1.0194424670843056,1.2976828599496284,0.2778757026506948,-0.6099670608242767,15.58
0.2049124055785283,-0.8364690620990217,-0.8653626019282094,0.0902771252537961,-1.0194424670843056,1.2976828599496284,0.2778757026506948,-0.2803121270531477,26.85
0.924039717057431,-0.8364690620990217,-0.8653626019282094,0.18404124966156268,-1.0194424670843056,0.820515494599081,-0.18289714201857435,-0.6099670608242767,26.06
0.924039717057431,-0.8364690620990217,-0.8653626019282094,0.18404124966156268,-1.0194424670843056,0.820515494599081,-0.18289714201857435,-0.2803121270531477,38.21
1.1637488208837319,-0.8364690620990217,-0.8653626019282094,0.23092331186544598,-1.0194424670843056,0.6528620959624022,-0.3447903036591284,-0.2803121270531477,43.7
1.1637488208837319,-0.8364690620990217,-0.8653626019282094,0.23092331186544598,-1.0194424670843056,0.6528620959624022,-0.3447903036591284,-0.6099670608242767,30.14
-0.27450580207407355,-0.8364690620990217,-0.8653626019282094,-0.0034869991539704945,-1.0194424670843056,1.6200932419432417,0.5892087058056064,-0.6099670608242767,12.73
-0.27450580207407355,-0.8364690620990217,-0.8653626019282094,-0.0034869991539704945,-1.0194424670843056,1.6200932419432417,0.5892087058056064,-0.2803121270531477,20.87
0.6843306132311301,-0.8364690620990217,-0.8653626019282094,0.18404124966156268,-1.0194424670843056,0.9752724779560153,-0.03345730050421678,-0.6099670608242767,20.28
0.6843306132311301,-0.8364690620990217,-0.8653626019282094,0.18404124966156268,-1.0194424670843056,0.9752724779560153,-0.03345730050421678,-0.2803121270531477,34.29
-0.7203647351909932,2.708268504355092,-0.8653626019282094,1.0044773382295205,-1.0194424670843056,-0.14155708526986086,-1.7769221181717216,-0.6099670608242767,19.54
-0.2725881292434632,1.1001907023443003,-0.8653626019282094,1.0044773382295205,-1.0194424670843056,0.04157201170251199,-0.9786642980825281,0.692954820271138,47.71
-1.166223668307913,1.9036490698471649,-0.8653626019282094,0.46533362288486246,-1.0194424670843056,-0.5026567131027075,0.10601988490918418,0.692954820271138,43.38
-1.3167609855108298,1.6249929886322985,-0.8653626019282094,1.0044773382295205,-1.0194424670843056,-0.033227196920007133,-0.30120368321744073,-0.2803121270531477,29.89
-1.0722576996080029,2.068520584565961,-0.8653626019282094,1.0044773382295205,-1.0194424670843056,0.015779181143022944,-0.9973442782718228,-0.6727584767806822,6.9
-1.496063395172903,1.2987331602098926,-0.8653626019282094,1.0044773382295205,-1.0194424670843056,-0.2086184447245315,0.34138763529429705,0.692954820271138,33.19
-0.908296672590813,0.586999086106921,-0.8653626019282094,1.0044773382295205,-1.0194424670843056,-0.19572202944478698,0.3401423032816771,-0.6727584767806822,4.9
-1.693583696725775,0.9399634556457519,-0.8653626019282094,0.46533362288486246,-1.0194424670843056,-1.1268432126423422,2.108513761201575,-0.6727584767806822,4.57
-1.693583696725775,0.9399634556457519,-0.8653626019282094,0.46533362288486246,-1.0194424670843056,-1.1268432126423422,2.108513761201575,0.692954820271138,25.46
-1.496063395172903,1.2987331602098926,-0.8653626019282094,1.0044773382295205,-1.0194424670843056,-0.2086184447245315,0.34138763529429705,-0.2803121270531477,24.29
-1.0722576996080029,2.068520584565961,-0.8653626019282094,1.0044773382295205,-1.0194424670843056,0.015779181143022944,-0.9973442782718228,-0.2803121270531477,33.95
-0.7539240097266754,0.7077500546333632,-0.8653626019282094,0.46533362288486246,-1.0194424670843056,-0.1157642547103718,0.41735288806409576,-0.6727584767806822,11.41
-1.633177002561547,1.0491037541215746,-0.8653626019282094,1.0044773382295205,-1.0194424670843056,-0.466546750319422,0.9503549894653038,-0.2803121270531477,20.59
0.2557307355897042,1.5263022932020331,-0.8653626019282094,1.0044773382295205,-1.0194424670843056,-0.1157642547103718,-1.7644687980455251,-0.6099670608242767,25.89
-1.633177002561547,1.0491037541215746,-0.8653626019282094,1.0044773382295205,-1.0194424670843056,-0.466546750319422,0.9503549894653038,0.692954820271138,29.23
-1.5593465985830464,1.1721768566581405,-0.8653626019282094,0.46533362288486246,-1.0194424670843056,-0.8328049442641677,1.484602422879132,0.692954820271138,31.02
-1.3167609855108298,1.6249929886322985,-0.8653626019282094,1.0044773382295205,-1.0194424670843056,-0.033227196920007133,-0.30120368321744073,-0.6099670608242767,10.39
-1.166223668307913,1.9036490698471649,-0.8653626019282094,0.46533362288486246,-1.0194424670843056,-0.5026567131027075,0.10601988490918418,-0.2803121270531477,33.66
-1.3963444079811618,1.4856649480248654,-0.8653626019282094,0.46533362288486246,-1.0194424670843056,-0.6058280353406638,0.8283124522285791,-0.2803121270531477,27.87
-0.2725881292434632,1.1001907023443003,-0.8653626019282094,1.0044773382295205,-1.0194424670843056,0.04157201170251199,-0.9786642980825281,-0.6099670608242767,19.35
-1.0128098418590803,0.5103686637728327,-0.8653626019282094,0.46533362288486246,-1.0194424670843056,-0.3556375789136203,1.0474908864496357,-0.6099670608242767,11.39
-0.8306309229510916,2.5074039124793757,-0.8653626019282094,0.46533362288486246,-1.0194424670843056,-0.5748766386692772,-0.7046912553062059,-0.6727584767806822,12.79
-0.8306309229510916,2.5074039124793757,-0.8653626019282094,0.46533362288486246,-1.0194424670843056,-0.5748766386692772,-0.7046912553062059,-0.2803121270531477,39.32
-1.2045771249201211,0.34781928306416066,-0.8653626019282094,0.46533362288486246,-1.0194424670843056,-1.1139467973625978,2.1222124133403915,-0.6727584767806822,4.78
0.08985203574190387,1.3927795876199098,-0.8653626019282094,0.46533362288486246,-1.0194424670843056,-0.5465045250538386,-0.6835206110916727,-0.6727584767806822,16.11
0.2557307355897042,1.5263022932020331,-0.8653626019282094,1.0044773382295205,-1.0194424670843056,-0.1157642547103718,-1.7644687980455251,-0.2803121270531477,43.38
-0.40874290021680204,0.9864061358482297,-0.8653626019282094,0.46533362288486246,-1.0194424670843056,-0.022910064696210635,-0.2937316911417226,-0.6099670608242767,20.42
-1.0128098418590803,0.5103686637728327,-0.8653626019282094,0.46533362288486246,-1.0194424670843056,-0.3556375789136203,1.0474908864496357,-0.6727584767806822,6.94
-0.6388636398900509,0.8041186160535047,-0.8653626019282094,1.0044773382295205,-1.0194424670843056,-0.012592932472415599,-0.28252370302814606,-0.6099670608242767,15.03
-0.40874290021680204,0.9864061358482297,-0.8653626019282094,0.46533362288486246,-1.0194424670843056,-0.022910064696210635,-0.2937316911417226,-0.6727584767806822,13.57
-0.908296672590813,0.586999086106921,-0.8653626019282094,1.0044773382295205,-1.0194424670843056,-0.19572202944478698,0.3401423032816771,0.692954820271138,32.53
-1.0722576996080029,2.068520584565961,-0.8653626019282094,1.0044773382295205,-1.0194424670843056,0.015779181143022944,-0.9973442782718228,-0.6099670608242767,15.75
-1.693583696725775,0.9399634556457519,-0.8653626019282094,0.46533362288486246,-1.0194424670843056,-1.1268432126423422,2.108513761201575,-0.6099670608242767,7.68
0.08985203574190387,1.3927795876199098,-0.8653626019282094,0.46533362288486246,-1.0194424670843056,-0.5465045250538386,-0.6835206110916727,-0.2803121270531477,38.8
-0.6388636398900509,0.8041186160535047,-0.8653626019282094,1.0044773382295205,-1.0194424670843056,-0.012592932472415599,-0.28252370302814606,-0.2803121270531477,33.0
-1.693583696725775,0.9399634556457519,-0.8653626019282094,0.46533362288486246,-1.0194424670843056,-1.1268432126423422,2.108513761201575,-0.2803121270531477,17.28
-1.0128098418590803,0.5103686637728327,-0.8653626019282094,0.46533362288486246,-1.0194424670843056,-0.3556375789136203,1.0474908864496357,-0.2803121270531477,24.28
-0.908296672590813,0.586999086106921,-0.8653626019282094,1.0044773382295205,-1.0194424670843056,-0.19572202944478698,0.3401423032816771,-0.2803121270531477,24.05
-1.3963444079811618,1.4856649480248654,-0.8653626019282094,0.46533362288486246,-1.0194424670843056,-0.6058280353406638,0.8283124522285791,0.692954820271138,36.59
-0.8306309229510916,2.5074039124793757,-0.8653626019282094,0.46533362288486246,-1.0194424670843056,-0.5748766386692772,-0.7046912553062059,0.692954820271138,50.73
-1.3963444079811618,1.4856649480248654,-0.8653626019282094,0.46533362288486246,-1.0194424670843056,-0.6058280353406638,0.8283124522285791,-0.6099670608242767,13.66
0.2557307355897042,1.5263022932020331,-0.8653626019282094,1.0044773382295205,-1.0194424670843056,-0.1157642547103718,-1.7644687980455251,-0.6727584767806822,14.14
-0.40874290021680204,0.9864061358482297,-0.8653626019282094,0.46533362288486246,-1.0194424670843056,-0.022910064696210635,-0.2937316911417226,0.692954820271138,47.78
-1.633177002561547,1.0491037541215746,-0.8653626019282094,1.0044773382295205,-1.0194424670843056,-0.466546750319422,0.9503549894653038,-0.6727584767806822,2.33
-1.166223668307913,1.9036490698471649,-0.8653626019282094,0.46533362288486246,-1.0194424670843056,-0.5026567131027075,0.10601988490918418,-0.6099670608242767,16.89
0.08985203574190387,1.3927795876199098,-0.8653626019282094,0.46533362288486246,-1.0194424670843056,-0.5465045250538386,-0.6835206110916727,-0.6099670608242767,23.52
-0.6388636398900509,0.8041186160535047,-0.8653626019282094,1.0044773382295205,-1.0194424670843056,-0.012592932472415599,-0.28252370302814606,-0.6727584767806822,6.81
-0.6388636398900509,0.8041186160535047,-0.8653626019282094,1.0044773382295205,-1.0194424670843056,-0.012592932472415599,-0.28252370302814606,0.692954820271138,39.7
-1.2045771249201211,0.34781928306416066,-0.8653626019282094,0.46533362288486246,-1.0194424670843056,-1.1139467973625978,2.1222124133403915,-0.2803121270531477,17.96
-0.40874290021680204,0.9864061358482297,-0.8653626019282094,0.46533362288486246,-1.0194424670843056,-0.022910064696210635,-0.2937316911417226,-0.2803121270531477,32.88
-1.5593465985830464,1.1721768566581405,-0.8653626019282094,0.46533362288486246,-1.0194424670843056,-0.8328049442641677,1.484602422879132,-0.2803121270531477,22.35
-0.908296672590813,0.586999086106921,-0.8653626019282094,1.0044773382295205,-1.0194424670843056,-0.19572202944478698,0.3401423032816771,-0.6099670608242767,10.79
-1.633177002561547,1.0491037541215746,-0.8653626019282094,1.0044773382295205,-1.0194424670843056,-0.466546750319422,0.9503549894653038,-0.6099670608242767,7.72
-0.7203647351909932,2.708268504355092,-0.8653626019282094,1.0044773382295205,-1.0194424670843056,-0.14155708526986086,-1.7769221181717216,-0.2803121270531477,41.68
-0.7203647351909932,2.708268504355092,-0.8653626019282094,1.0044773382295205,-1.0194424670843056,-0.14155708526986086,-1.7769221181717216,-0.6727584767806822,9.56
-1.3963444079811618,1.4856649480248654,-0.8653626019282094,0.46533362288486246,-1.0194424670843056,-0.6058280353406638,0.8283124522285791,-0.6727584767806822,6.88
0.08985203574190387,1.3927795876199098,-0.8653626019282094,0.46533362288486246,-1.0194424670843056,-0.5465045250538386,-0.6835206110916727,0.692954820271138,50.53
-0.7539240097266754,0.7077500546333632,-0.8653626019282094,0.46533362288486246,-1.0194424670843056,-0.1157642547103718,0.41735288806409576,-0.6099670608242767,17.17
-0.7539240097266754,0.7077500546333632,-0.8653626019282094,0.46533362288486246,-1.0194424670843056,-0.1157642547103718,0.41735288806409576,-0.2803121270531477,30.44
-0.2725881292434632,1.1001907023443003,-0.8653626019282094,1.0044773382295205,-1.0194424670843056,0.04157201170251199,-0.9786642980825281,-0.6727584767806822,9.73
-1.496063395172903,1.2987331602098926,-0.8653626019282094,1.0044773382295205,-1.0194424670843056,-0.2086184447245315,0.34138763529429705,-0.6727584767806822,3.32
-1.2045771249201211,0.34781928306416066,-0.8653626019282094,0.46533362288486246,-1.0194424670843056,-1.1139467973625978,2.1222124133403915,0.692954820271138,26.32
-0.7539240097266754,0.7077500546333632,-0.8653626019282094,0.46533362288486246,-1.0194424670843056,-0.1157642547103718,0.41735288806409576,0.692954820271138,43.25
-1.5593465985830464,1.1721768566581405,-0.8653626019282094,0.46533362288486246,-1.0194424670843056,-0.8328049442641677,1.484602422879132,-0.6727584767806822,6.28
-1.0128098418590803,0.5103686637728327,-0.8653626019282094,0.46533362288486246,-1.0194424670843056,-0.3556375789136203,1.0474908864496357,0.692954820271138,32.1
-0.2725881292434632,1.1001907023443003,-0.8653626019282094,1.0044773382295205,-1.0194424670843056,0.04157201170251199,-0.9786642980825281,-0.2803121270531477,36.96
0.2557307355897042,1.5263022932020331,-0.8653626019282094,1.0044773382295205,-1.0194424670843056,-0.1157642547103718,-1.7644687980455251,0.692954820271138,54.6
-0.8306309229510916,2.5074039124793757,-0.8653626019282094,0.46533362288486246,-1.0194424670843056,-0.5748766386692772,-0.7046912553062059,-0.6099670608242767,21.48
-1.166223668307913,1.9036490698471649,-0.8653626019282094,0.46533362288486246,-1.0194424670843056,-0.5026567131027075,0.10601988490918418,-0.6727584767806822,9.69
-1.2045771249201211,0.34781928306416066,-0.8653626019282094,0.46533362288486246,-1.0194424670843056,-1.1139467973625978,2.1222124133403915,-0.6099670608242767,8.37
-1.3167609855108298,1.6249929886322985,-0.8653626019282094,1.0044773382295205,-1.0194424670843056,-0.033227196920007133,-0.30120368321744073,0.692954820271138,39.66
-1.5593465985830464,1.1721768566581405,-0.8653626019282094,0.46533362288486246,-1.0194424670843056,-0.8328049442641677,1.484602422879132,-0.6099670608242767,10.09
-1.3167609855108298,1.6249929886322985,-0.8653626019282094,1.0044773382295205,-1.0194424670843056,-0.033227196920007133,-0.30120368321744073,-0.6727584767806822,4.83
-1.496063395172903,1.2987331602098926,-0.8653626019282094,1.0044773382295205,-1.0194424670843056,-0.2086184447245315,0.34138763529429705,-0.6099670608242767,10.35
-1.0722576996080029,2.068520584565961,-0.8653626019282094,1.0044773382295205,-1.0194424670843056,0.015779181143022944,-0.9973442782718228,0.692954820271138,43.57
-0.7203647351909932,2.708268504355092,-0.8653626019282094,1.0044773382295205,-1.0194424670843056,-0.14155708526986086,-1.7769221181717216,0.692954820271138,51.86
0.30079604710904867,-0.8364690620990217,-0.8653626019282094,0.46533362288486246,-1.0194424670843056,0.48520869732572336,0.713741907067571,-0.6727584767806822,11.85
0.30079604710904867,-0.8364690620990217,-0.8653626019282094,0.46533362288486246,-1.0194424670843056,0.48520869732572336,0.713741907067571,-0.6099670608242767,17.24
0.30079604710904867,-0.8364690620990217,-0.8653626019282094,0.46533362288486246,-1.0194424670843056,0.48520869732572336,0.713741907067571,-0.2803121270531477,27.83
0.30079604710904867,-0.8364690620990217,-0.8653626019282094,0.46533362288486246,-1.0194424670843056,0.48520869732572336,0.713741907067571,0.692954820271138,35.76
0.30079604710904867,-0.8364690620990217,-0.8653626019282094,0.46533362288486246,-1.0194424670843056,0.48520869732572336,0.713741907067571,1.1638904399441794,38.7
0.5021516943231414,-0.8364690620990217,-0.8653626019282094,0.46533362288486246,-1.0194424670843056,0.6528620959624022,0.6016620259318028,-0.6727584767806822,14.31
0.5021516943231414,-0.8364690620990217,-0.8653626019282094,0.46533362288486246,-1.0194424670843056,0.6528620959624022,0.6016620259318028,-0.6099670608242767,17.44
0.5021516943231414,-0.8364690620990217,-0.8653626019282094,0.46533362288486246,-1.0194424670843056,0.6528620959624022,0.6016620259318028,-0.2803121270531477,31.74
0.5021516943231414,-0.8364690620990217,-0.8653626019282094,0.46533362288486246,-1.0194424670843056,0.6528620959624022,0.6016620259318028,0.692954820271138,37.91
0.5021516943231414,-0.8364690620990217,-0.8653626019282094,0.46533362288486246,-1.0194424670843056,0.6528620959624022,0.6016620259318028,1.1638904399441794,39.38
0.6747422490780781,-0.8364690620990217,-0.8653626019282094,0.46533362288486246,-1.0194424670843056,1.0526509696344826,0.45222218441744527,-0.6727584767806822,15.87
0.6747422490780781,-0.8364690620990217,-0.8653626019282094,0.46533362288486246,-1.0194424670843056,1.0526509696344826,0.45222218441744527,-0.6099670608242767,9.01
0.6747422490780781,-0.8364690620990217,-0.8653626019282094,0.46533362288486246,-1.0194424670843056,1.0526509696344826,0.45222218441744527,-0.2803121270531477,33.61
0.6747422490780781,-0.8364690620990217,-0.8653626019282094,0.46533362288486246,-1.0194424670843056,1.0526509696344826,0.45222218441744527,0.692954820271138,40.66
0.6747422490780781,-0.8364690620990217,-0.8653626019282094,0.46533362288486246,-1.0194424670843056,1.0526509696344826,0.45222218441744527,1.1638904399441794,40.86
-0.389566171910698,-0.8364690620990217,-0.8653626019282094,0.18404124966156268,-1.0194424670843056,1.8651251322583877,0.20315578189351602,-0.6099670608242767,12.05
-0.389566171910698,-0.8364690620990217,-0.8653626019282094,0.18404124966156268,-1.0194424670843056,1.8651251322583877,0.20315578189351602,-0.2803121270531477,17.54
0.16655894896632017,-0.8364690620990217,-0.8653626019282094,0.18404124966156268,-1.0194424670843056,1.4911290891457964,-0.04591062063041324,-0.6099670608242767,18.91
0.16655894896632017,-0.8364690620990217,-0.8653626019282094,0.18404124966156268,-1.0194424670843056,1.4911290891457964,-0.04591062063041324,-0.2803121270531477,25.18
0.1761473131193722,-0.8364690620990217,-0.8653626019282094,0.18404124966156268,-1.0194424670843056,0.8463083251585701,-0.48177682504728947,-0.6099670608242767,30.96
1.9308179531278948,-0.8364690620990217,-0.8653626019282094,0.46533362288486246,-1.0194424670843056,-0.49491886393486056,-0.6436699866878435,-0.2803121270531477,43.89
1.9308179531278948,-0.8364690620990217,-0.8653626019282094,0.46533362288486246,-1.0194424670843056,-0.49491886393486056,-0.6436699866878435,0.692954820271138,54.28
1.1349837284245758,-0.8364690620990217,-0.8653626019282094,0.18404124966156268,-1.0194424670843056,0.8463083251585701,-0.48177682504728947,-0.2803121270531477,36.94
0.022733486670539618,-0.8364690620990217,-0.8653626019282094,0.18404124966156268,-1.0194424670843056,1.6716789030622197,0.01635598000056907,-0.6099670608242767,14.5
0.022733486670539618,-0.8364690620990217,-0.8653626019282094,0.13715918745767938,-1.0194424670843056,1.6716789030622197,0.01635598000056907,-0.2803121270531477,22.44
2.1225852361889355,-0.8364690620990217,-0.8653626019282094,0.8403901205159289,-1.0194424670843056,1.9425036239368547,-1.9886285603170615,-0.7041541847588849,12.64
2.1225852361889355,-0.8364690620990217,-0.8653626019282094,0.8403901205159289,-1.0194424670843056,1.9425036239368547,-1.9886285603170615,-0.6727584767806822,26.06
2.1225852361889355,-0.8364690620990217,-0.8653626019282094,0.8403901205159289,-1.0194424670843056,1.9425036239368547,-1.9886285603170615,-0.6099670608242767,33.21
2.1225852361889355,-0.8364690620990217,-0.8653626019282094,0.8403901205159289,-1.0194424670843056,1.9425036239368547,-1.9886285603170615,-0.500082082900567,36.94
2.1225852361889355,-0.8364690620990217,-0.8653626019282094,0.8403901205159289,-1.0194424670843056,1.9425036239368547,-1.9886285603170615,-0.2803121270531477,44.09
2.506119802311017,-0.8364690620990217,-0.8653626019282094,-0.42542555898892015,-1.0194424670843056,1.9425036239368547,-1.9886285603170615,-0.6099670608242767,52.61
2.506119802311017,-0.8364690620990217,-0.8653626019282094,-0.42542555898892015,-1.0194424670843056,1.9425036239368547,-1.9886285603170615,-0.500082082900567,59.76
2.506119802311017,-0.8364690620990217,-0.8653626019282094,-0.42542555898892015,-1.0194424670843056,1.9425036239368547,-1.9886285603170615,-0.2803121270531477,67.31
2.506119802311017,-0.8364690620990217,-0.8653626019282094,-0.42542555898892015,-1.0194424670843056,1.9425036239368547,-1.9886285603170615,0.692954820271138,69.66
2.506119802311017,-0.8364690620990217,-0.8653626019282094,-0.42542555898892015,-1.0194424670843056,1.9425036239368547,-1.9886285603170615,2.1057616792902625,71.62
2.506119802311017,-0.8364690620990217,-0.8653626019282094,-0.42542555898892015,-1.0194424670843056,1.9425036239368547,-1.9886285603170615,3.518568538309387,74.17
0.6843306132311301,-0.8364690620990217,-0.8653626019282094,0.9810363071275787,-1.0194424670843056,-0.004855083304568591,0.028809300126765535,-0.6099670608242767,18.13
0.6843306132311301,-0.8364690620990217,-0.8653626019282094,0.9810363071275787,-1.0194424670843056,-0.004855083304568591,0.028809300126765535,-0.500082082900567,22.53
0.6843306132311301,-0.8364690620990217,-0.8653626019282094,0.9810363071275787,-1.0194424670843056,-0.004855083304568591,0.028809300126765535,-0.2803121270531477,27.34
0.6843306132311301,-0.8364690620990217,-0.8653626019282094,0.9810363071275787,-1.0194424670843056,-0.004855083304568591,0.028809300126765535,0.15922778464169102,29.98
0.6843306132311301,-0.8364690620990217,-0.8653626019282094,0.9810363071275787,-1.0194424670843056,-0.004855083304568591,0.028809300126765535,0.692954820271138,31.35
0.6843306132311301,-0.8364690620990217,-0.8653626019282094,0.9810363071275787,-1.0194424670843056,-0.004855083304568591,0.028809300126765535,2.1057616792902625,32.72
1.0199233585879515,-0.8364690620990217,-0.8653626019282094,0.18404124966156268,-1.0194424670843056,-0.1080264055425248,-0.12063054138759202,-0.7041541847588849,6.27
1.0199233585879515,-0.8364690620990217,-0.8653626019282094,0.18404124966156268,-1.0194424670843056,-0.1080264055425248,-0.12063054138759202,-0.6727584767806822,14.7
1.0199233585879515,-0.8364690620990217,-0.8653626019282094,0.18404124966156268,-1.0194424670843056,-0.1080264055425248,-0.12063054138759202,-0.6099670608242767,23.22
1.0199233585879515,-0.8364690620990217,-0.8653626019282094,0.18404124966156268,-1.0194424670843056,-0.1080264055425248,-0.12063054138759202,-0.500082082900567,27.92
1.0199233585879515,-0.8364690620990217,-0.8653626019282094,0.18404124966156268,-1.0194424670843056,-0.1080264055425248,-0.12063054138759202,-0.2803121270531477,31.35
0.5021516943231414,-0.8364690620990217,-0.8653626019282094,0.46533362288486246,-1.0194424670843056,0.046730577814409514,0.6514753064365887,2.1057616792902625,39.0
0.5021516943231414,-0.8364690620990217,-0.8653626019282094,0.46533362288486246,-1.0194424670843056,0.046730577814409514,0.6514753064365887,4.9313753973285115,41.24
0.6747422490780781,-0.8364690620990217,-0.8653626019282094,0.46533362288486246,-1.0194424670843056,0.9365832321167817,0.4148622240388559,-0.6727584767806822,14.99
0.5021516943231414,-0.8364690620990217,-0.8653626019282094,0.46533362288486246,-1.0194424670843056,0.046730577814409514,0.6514753064365887,-0.6727584767806822,13.52
0.9911582661287953,-0.8364690620990217,-0.8653626019282094,0.18404124966156268,-1.0194424670843056,0.9365832321167817,-0.41951022441630714,-0.6099670608242767,24.0
0.9911582661287953,-0.8364690620990217,-0.8653626019282094,0.18404124966156268,-1.0194424670843056,0.9365832321167817,-0.41951022441630714,-0.2803121270531477,37.42
0.9911582661287953,-0.8364690620990217,-0.8653626019282094,0.18404124966156268,-1.0194424670843056,1.7619538100204315,0.14088918126253372,-0.6099670608242767,11.47
0.022733486670539618,-0.8364690620990217,-0.8653626019282094,0.18404124966156268,-1.0194424670843056,1.6716789030622197,0.01635598000056907,-0.2803121270531477,22.44
0.5788586075475577,-0.8364690620990217,-0.8653626019282094,0.13715918745767938,-1.0194424670843056,1.2203043682711614,-0.2327104225233602,-0.6099670608242767,21.16
0.5788586075475577,-0.8364690620990217,-0.8653626019282094,0.13715918745767938,-1.0194424670843056,1.2203043682711614,-0.2327104225233602,-0.2803121270531477,31.84
0.15697058481326812,-0.8364690620990217,-0.8653626019282094,0.13715918745767938,-1.0194424670843056,1.2203043682711614,-0.04591062063041324,-0.6099670608242767,14.8
0.15697058481326812,-0.8364690620990217,-0.8653626019282094,0.13715918745767938,-1.0194424670843056,1.2203043682711614,-0.04591062063041324,-0.2803121270531477,25.18
-0.389566171910698,-0.8364690620990217,-0.8653626019282094,0.13715918745767938,-1.0194424670843056,1.852228716978643,0.20315578189351602,-0.2803121270531477,17.54
0.16655894896632017,-0.8364690620990217,-0.8653626019282094,0.46533362288486246,-1.0194424670843056,1.4266470127470738,-0.0957239011351991,-0.6099670608242767,14.2
0.16655894896632017,-0.8364690620990217,-0.8653626019282094,0.46533362288486246,-1.0194424670843056,1.4266470127470738,-0.0957239011351991,-0.2803121270531477,21.65
0.16655894896632017,-0.8364690620990217,-0.8653626019282094,0.46533362288486246,-1.0194424670843056,1.4266470127470738,-0.0957239011351991,0.692954820271138,29.39
0.5021516943231414,-0.8364690620990217,-0.8653626019282094,0.46533362288486246,-1.0194424670843056,-1.2300145348802984,0.6514753064365887,-0.6727584767806822,13.52
0.5021516943231414,-0.8364690620990217,-0.8653626019282094,0.46533362288486246,-1.0194424670843056,0.046730577814409514,0.6514753064365887,-0.6099670608242767,16.26
0.5021516943231414,-0.8364690620990217,-0.8653626019282094,0.46533362288486246,-1.0194424670843056,0.046730577814409514,0.6514753064365887,-0.2803121270531477,31.45
0.5021516943231414,-0.8364690620990217,-0.8653626019282094,0.46533362288486246,-1.0194424670843056,0.046730577814409514,0.6514753064365887,0.692954820271138,37.23
0.6747422490780781,-0.8364690620990217,-0.8653626019282094,0.46533362288486246,-1.0194424670843056,0.9365832321167817,0.4148622240388559,-0.6099670608242767,18.13
0.6747422490780781,-0.8364690620990217,-0.8653626019282094,0.46533362288486246,-1.0194424670843056,0.9365832321167817,0.4148622240388559,-0.2803121270531477,32.72
0.6747422490780781,-0.8364690620990217,-0.8653626019282094,0.46533362288486246,-1.0194424670843056,0.9365832321167817,0.4148622240388559,0.692954820271138,39.49
0.6747422490780781,-0.8364690620990217,-0.8653626019282094,0.46533362288486246,-1.0194424670843056,0.9365832321167817,0.4148622240388559,2.1057616792902625,41.05
0.6747422490780781,-0.8364690620990217,-0.8653626019282094,0.46533362288486246,-1.0194424670843056,0.9365832321167817,0.4148622240388559,4.9313753973285115,42.13
0.2240891338846324,-0.8364690620990217,-0.8653626019282094,0.9810363071275787,-1.0194424670843056,-0.004855083304568591,0.551848745427017,-0.500082082900567,18.13
0.2240891338846324,-0.8364690620990217,-0.8653626019282094,0.9810363071275787,-1.0194424670843056,-0.004855083304568591,0.551848745427017,2.1057616792902625,26.74
2.3622943400152367,-0.8364690620990217,-0.8653626019282094,0.32468743627321256,-1.0194424670843056,1.9425036239368547,-1.9886285603170615,2.1057616792902625,61.92
2.1225852361889355,-0.8364690620990217,-0.8653626019282094,0.8403901205159289,-1.0194424670843056,1.9425036239368547,-1.9886285603170615,0.692954820271138,47.22
2.1225852361889355,-0.8364690620990217,-0.8653626019282094,0.8403901205159289,-1.0194424670843056,1.9425036239368547,-1.9886285603170615,2.1057616792902625,51.04
2.1225852361889355,-0.8364690620990217,-0.8653626019282094,0.8403901205159289,-1.0194424670843056,1.9425036239368547,-1.9886285603170615,3.518568538309387,55.16
2.506119802311017,-0.8364690620990217,-0.8653626019282094,-0.42542555898892015,-1.0194424670843056,1.9425036239368547,-1.9886285603170615,-0.6727584767806822,41.64
-0.25532907376796943,-0.8364690620990217,-0.8653626019282094,0.13715918745767938,-1.0194424670843056,1.7619538100204315,0.14088918126253372,-0.6099670608242767,13.71
-0.25532907376796943,-0.8364690620990217,-0.8653626019282094,0.13715918745767938,-1.0194424670843056,1.7619538100204315,0.14088918126253372,-0.2803121270531477,19.69
0.5788586075475577,-0.8364690620990217,-0.8653626019282094,0.13715918745767938,-1.0194424670843056,1.1042366307534606,-0.2327104225233602,-0.2803121270531477,31.65
1.0966302718123677,-0.8364690620990217,-0.8653626019282094,0.46533362288486246,-1.0194424670843056,-0.44333320281588245,-0.18289714201857435,-0.6727584767806822,19.11
1.0966302718123677,-0.8364690620990217,-0.8653626019282094,0.46533362288486246,-1.0194424670843056,-0.44333320281588245,-0.18289714201857435,-0.2803121270531477,39.58
1.0966302718123677,-0.8364690620990217,-0.8653626019282094,0.46533362288486246,-1.0194424670843056,-0.44333320281588245,-0.18289714201857435,0.692954820271138,48.79
0.9911582661287953,-0.8364690620990217,-0.8653626019282094,0.13715918745767938,-1.0194424670843056,0.9365832321167817,-0.41951022441630714,-0.6099670608242767,24.0
0.9911582661287953,-0.8364690620990217,-0.8653626019282094,0.13715918745767938,-1.0194424670843056,0.9365832321167817,-0.41951022441630714,-0.2803121270531477,37.42
-0.25532907376796943,-0.8364690620990217,-0.8653626019282094,0.18404124966156268,-1.0194424670843056,1.7619538100204315,0.14088918126253372,-0.6099670608242767,11.47
0.30079604710904867,-0.8364690620990217,-0.8653626019282094,0.46533362288486246,-1.0194424670843056,-0.05644074442354669,0.9628083095915003,-0.6099670608242767,14.99
0.30079604710904867,-0.8364690620990217,-0.8653626019282094,0.46533362288486246,-1.0194424670843056,-0.05644074442354669,0.9628083095915003,-0.2803121270531477,27.92
0.30079604710904867,-0.8364690620990217,-0.8653626019282094,0.46533362288486246,-1.0194424670843056,-0.05644074442354669,0.9628083095915003,0.692954820271138,34.68
0.30079604710904867,-0.8364690620990217,-0.8653626019282094,0.46533362288486246,-1.0194424670843056,-0.05644074442354669,0.9628083095915003,2.1057616792902625,37.33
0.30079604710904867,-0.8364690620990217,-0.8653626019282094,0.46533362288486246,-1.0194424670843056,-0.05644074442354669,0.9628083095915003,4.9313753973285115,38.11
2.3622943400152367,-0.8364690620990217,-0.8653626019282094,0.32468743627321256,-1.0194424670843056,1.9425036239368547,-1.9886285603170615,-0.6727584767806822,33.8
2.3622943400152367,-0.8364690620990217,-0.8653626019282094,0.32468743627321256,-1.0194424670843056,1.9425036239368547,-1.9886285603170615,-0.6099670608242767,42.42
2.3622943400152367,-0.8364690620990217,-0.8653626019282094,0.32468743627321256,-1.0194424670843056,1.9425036239368547,-1.9886285603170615,-0.500082082900567,48.4
2.3622943400152367,-0.8364690620990217,-0.8653626019282094,0.32468743627321256,-1.0194424670843056,1.9425036239368547,-1.9886285603170615,-0.2803121270531477,55.94
2.3622943400152367,-0.8364690620990217,-0.8653626019282094,0.32468743627321256,-1.0194424670843056,1.9425036239368547,-1.9886285603170615,0.692954820271138,58.78
2.3622943400152367,-0.8364690620990217,-0.8653626019282094,0.32468743627321256,-1.0194424670843056,1.9425036239368547,-1.9886285603170615,3.518568538309387,67.11
0.4158564169456731,-0.8364690620990217,-0.8653626019282094,0.9810363071275787,-1.0194424670843056,-0.004855083304568591,0.3401423032816771,-0.500082082900567,20.77
0.4158564169456731,-0.8364690620990217,-0.8653626019282094,0.9810363071275787,-1.0194424670843056,-0.004855083304568591,0.3401423032816771,-0.2803121270531477,25.18
0.4158564169456731,-0.8364690620990217,-0.8653626019282094,0.9810363071275787,-1.0194424670843056,-0.004855083304568591,0.3401423032816771,2.1057616792902625,29.59
0.2240891338846324,-0.8364690620990217,-0.8653626019282094,0.9810363071275787,-1.0194424670843056,-0.004855083304568591,0.551848745427017,-0.2803121270531477,21.75
1.1349837284245758,-0.8364690620990217,-0.8653626019282094,0.13715918745767938,-1.0194424670843056,0.8463083251585701,-0.48177682504728947,-0.2803121270531477,39.09
1.9308179531278948,-0.8364690620990217,-0.8653626019282094,0.46533362288486246,-1.0194424670843056,-0.49491886393486056,-0.6436699866878435,-0.6727584767806822,24.39
2.3335292475560805,-0.8364690620990217,-0.8653626019282094,-1.6912412384937692,-1.0194424670843056,-1.0107754751246416,1.5356610353965376,-0.6099670608242767,50.51
2.3335292475560805,-0.8364690620990217,-0.8653626019282094,-1.6912412384937692,-1.0194424670843056,-1.0107754751246416,1.5356610353965376,-0.2803121270531477,74.99
-0.05397342655387668,0.382651293216019,0.4123836482548354,1.3092107425547619,0.5016980372337224,-0.9076041528866854,-1.1542561118618986,-0.2803121270531477,37.17
-1.1182818475426528,1.369558247518671,1.4408135569387492,-0.1441331857656204,2.1918541531426428,-1.7587675613498241,-0.3946035841639142,-0.2803121270531477,33.76
-1.194988760767069,0.8354674251901769,0.8798517885657055,1.7780313645935948,0.6707136488246145,-0.6625722625715394,-1.4282291546382206,-0.2803121270531477,16.5
-1.2621073098384332,0.49875799372221336,0.5214595476607051,0.9341542449236955,0.5016980372337224,-1.4750464251954445,0.7012885869413745,-0.2803121270531477,19.99
-1.214165489073173,1.2302302069112379,1.3005731148454884,-0.6598358700083367,2.0228385415517507,-0.39174754169690434,-0.9674563099689515,-0.2803121270531477,36.35
0.30079604710904867,0.8238567551395575,0.8642695172220097,-0.6598358700083367,2.6989009879153185,-0.7786400000892402,-1.5154023955215958,-0.2803121270531477,33.69
-1.2908724022975895,-0.8364690620990217,1.8615348832185323,-1.1286564920471696,2.0228385415517507,-0.4046439569766489,0.8880883888343215,-0.2803121270531477,15.42
0.24326586219073645,0.7890247449876993,-0.8653626019282094,1.496738991370295,-0.005348797538953545,-1.0236718904043862,-0.631216666561647,-0.2803121270531477,33.42
0.9144513529043791,-0.8364690620990217,-0.8653626019282094,0.37156949847709586,0.16366681405193845,0.4981051126054679,-0.5315901055520753,-0.2803121270531477,39.05
-1.1470469400018088,0.8935207754432741,0.9421808739404881,-0.33166143458115355,1.5157917067790747,-0.2756798041792036,-0.65612330681404,-0.2803121270531477,27.68
-1.2045771249201211,1.938481079999023,-0.8653626019282094,0.8403901205159289,-0.005348797538953545,0.35624454452827814,-1.1044428313571126,-0.2803121270531477,26.86
0.30079604710904867,0.8238567551395575,-0.8653626019282094,-0.6598358700083367,0.6707136488246145,-0.7786400000892402,0.389955583786463,-0.2803121270531477,45.3
0.2528542263437885,-0.8364690620990217,0.6928645324413574,0.6528618717003957,0.6707136488246145,-0.1983013125007365,-0.842923108706987,-0.2803121270531477,30.12
-1.223753853226225,-0.8364690620990217,2.0017753253117934,-0.7067179322122199,1.0087448720063985,0.21438397645108834,-0.008550660251823853,-0.2803121270531477,15.57
-1.3100491306036934,1.1025128363544239,1.1603326727522274,-0.37854349678503685,0.8397292604155064,-1.1784288737613204,0.15334250138873018,-0.2803121270531477,44.61
0.18573567727242424,0.7541927348358409,0.8019404318472271,0.8872721827198121,-0.005348797538953545,-1.242910950160043,-1.46558911501681,-0.2803121270531477,53.52
0.40626805279262107,1.0676808262025657,-0.8653626019282094,0.37156949847709586,-0.17436440912984555,-1.3460822723979993,0.01635598000056907,-0.2803121270531477,57.21
0.8377444396799627,1.3347262373668127,-0.8653626019282094,0.41845156068097916,0.16366681405193845,-1.9393173752662474,-0.1953504621447708,-0.2803121270531477,65.91
0.01314512251748758,0.6613073744308854,0.6928645324413574,-0.47230762119280345,0.5016980372337224,-1.926420959986503,0.40240890391265943,-0.2803121270531477,52.82
-0.25532907376796943,0.2897659328110635,0.3188900201926614,0.5590977472926291,0.33268242564283046,-1.7974568071890575,0.6016620259318028,-0.2803121270531477,33.4
-1.0895167550834965,-0.8364690620990217,1.4719780996261407,-0.0034869991539704945,1.0087448720063985,0.6270692654029132,-0.5440434256782718,-0.2803121270531477,18.03
-1.1758120324609649,1.9849237602015009,-0.8653626019282094,-0.09725112356173708,0.8397292604155064,0.6141728501231687,-0.9300963495903621,-0.2803121270531477,37.36
-1.1374585758487568,1.346336907417432,1.409649014251358,0.9810363071275787,0.8397292604155064,-1.8748352988675248,-0.7806565080760046,-0.2803121270531477,32.84
0.18573567727242424,-0.8364690620990217,0.8019404318472271,0.18404124966156268,-0.005348797538953545,-1.2300145348802984,0.526942105174624,-0.2803121270531477,42.64
0.377502960333465,-0.8364690620990217,1.0980035873774447,1.3092107425547619,-0.005348797538953545,-1.4621500099156999,-0.44441686466870006,-0.2803121270531477,40.06
0.08026367158885184,0.56842201402593,0.5993709043791834,0.27780537406932926,0.5016980372337224,-0.9076041528866854,-0.9550029898427551,-0.2803121270531477,41.94
0.4542098735578813,1.0909021663038045,-0.8653626019282094,-0.37854349678503685,0.5016980372337224,-1.191325289041065,0.21560910201971248,-0.2803121270531477,61.23
0.7418607981494424,-0.8364690620990217,1.3473199288765754,0.5122156850887458,0.8397292604155064,-2.2359349267003714,0.06616926050535493,-0.2803121270531477,40.87
-1.4059327721342139,1.5669396383792011,1.643383084406793,-0.1441331857656204,-0.17436440912984555,-1.3847715182372329,-0.45687018479489655,-0.2803121270531477,33.3
0.4158564169456731,0.8935207754432741,-0.8653626019282094,0.18404124966156268,0.33268242564283046,-0.3014726347386927,-0.793109828202201,-0.2803121270531477,52.42
-1.0991051192365486,-0.8364690620990217,2.251091666810924,-0.05036906135785379,1.1777604835972904,-1.6169069932726343,0.9129950290867145,-0.2803121270531477,15.09
0.33914950372125685,-0.8364690620990217,0.8954340599094011,-0.56607174560057,0.6707136488246145,-0.6367794320120503,0.12843586113633723,-0.2803121270531477,38.46
0.40626805279262107,-0.8364690620990217,1.129168130064836,-0.0034869991539704945,0.8397292604155064,-1.3460822723979993,0.09107590075774785,-0.2803121270531477,37.26
-1.3292258589097976,1.0676808262025657,1.129168130064836,2.5750264220596106,-0.005348797538953545,-1.3589786876777439,-1.4531357948906136,-0.2803121270531477,35.23
0.08985203574190387,0.56842201402593,-0.8653626019282094,-0.23789731017338697,0.16366681405193845,-0.8560184917677073,0.7012885869413745,-0.2803121270531477,42.13
0.18573567727242424,-0.8364690620990217,0.8019404318472271,1.3092107425547619,0.8397292604155064,-1.217118119600554,-0.3572436237853248,-0.2803121270531477,31.87
-0.13068033977829296,0.4523153135197356,0.4747127336296181,0.6059798094965123,-0.005348797538953545,-1.8232496377485468,0.21560910201971248,-0.2803121270531477,41.54
-1.1374585758487568,2.066198450555837,-0.8653626019282094,-0.6598358700083367,1.0087448720063985,0.9623760626762708,-1.0546295508523267,-0.2803121270531477,39.45
-1.0799283909304447,2.1823051510620313,-0.8653626019282094,0.0433950630499128,1.1777604835972904,-1.487942840475189,0.6763819466889817,-0.2803121270531477,37.91
-0.025208334094720567,0.5103686637728327,0.5370418190044007,-0.09725112356173708,0.5016980372337224,-1.3460822723979993,-0.05836394075660971,-0.2803121270531477,44.28
0.4158564169456731,-0.8364690620990217,0.9421808739404881,0.6528618717003957,0.6707136488246145,-2.0166958669447146,0.5020354649222312,-0.2803121270531477,31.18
-1.2429305815323293,0.7774140749370798,0.8331049745346184,0.5122156850887458,-0.005348797538953545,-1.0623611362436196,0.09107590075774785,-0.2803121270531477,23.69
-1.1470469400018088,1.3347262373668127,-0.8653626019282094,-0.28477937237727025,0.8397292604155064,0.2014875611713438,0.20315578189351602,-0.2803121270531477,32.76
-0.16903379639050112,0.3245979429629218,0.3500545628800527,0.8872721827198121,0.5016980372337224,-1.4234607640764665,-0.14553718163998494,-0.2803121270531477,32.4
-0.39915453606375,0.23171258255796634,0.24097866347418306,3.043847044098444,-0.005348797538953545,-1.565321332153656,-0.9674563099689515,-0.2803121270531477,28.63
0.32956113956820476,-0.8364690620990217,0.8954340599094011,-0.19101524796950367,0.33268242564283046,0.35624454452827814,-1.0421762307261304,-0.2803121270531477,36.8
-1.185400396614017,1.288283557164335,-0.8653626019282094,0.5122156850887458,0.5016980372337224,0.9365832321167817,-0.9425496697165586,-0.2803121270531477,18.28
-1.2716956739914853,1.8339850495434482,-0.8653626019282094,0.9341542449236955,-0.5123956323116295,-1.9006281294270138,1.2367813523678224,-0.2803121270531477,33.06
0.16655894896632017,-0.8364690620990217,0.8019404318472271,1.824913426797478,0.8397292604155064,-2.00379945166497,0.06616926050535493,-0.2803121270531477,31.42
-1.3963444079811618,1.6017716485310596,-0.8653626019282094,0.6528618717003957,-0.5123956323116295,-0.32726546529818173,0.2778757026506948,-0.2803121270531477,31.03
0.32956113956820476,0.8470780952407964,-0.8653626019282094,-0.19101524796950367,0.33268242564283046,-1.3847715182372329,0.6390219863103922,-0.2803121270531477,44.39
-1.214165489073173,-0.8364690620990217,0.8798517885657055,0.0902771252537961,0.33268242564283046,0.22728039173083286,0.5393954253008205,-0.2803121270531477,12.18
-1.2045771249201211,0.8470780952407964,0.8954340599094011,-0.19101524796950367,0.33268242564283046,0.35624454452827814,-1.0421762307261304,-0.2803121270531477,25.56
-1.3292258589097976,0.7077500546333632,0.7396113464724444,0.8403901205159289,0.16366681405193845,-0.7528471695297511,-0.24516374264955665,-0.2803121270531477,36.44
-1.2429305815323293,1.9036490698471649,-0.8653626019282094,-0.28477937237727025,1.1777604835972904,-1.6426998238321233,1.4983010750179482,-0.2803121270531477,32.96
0.2049124055785283,-0.8364690620990217,1.0045099593152707,1.4029748669625284,0.6707136488246145,-1.242910950160043,-0.5564967458044683,-0.2803121270531477,23.84
-1.2045771249201211,0.8470780952407964,0.8954340599094011,-0.19101524796950367,0.33268242564283046,-1.3847715182372329,0.6390219863103922,-0.2803121270531477,26.23
-1.2525189456853814,-0.8364690620990217,1.269408572158097,-1.1286564920471696,1.6848073183699666,0.35624454452827814,0.713741907067571,-0.2803121270531477,17.95
0.4542098735578813,-0.8364690620990217,1.2849908435017927,0.7935080583120455,0.8397292604155064,-2.2359349267003714,0.24051574227210543,-0.2803121270531477,40.68
-1.2045771249201211,0.8470780952407964,-0.8653626019282094,-0.19101524796950367,0.33268242564283046,0.3304517139687891,0.6141153460579993,-0.2803121270531477,19.01
-0.1594454322374491,0.4523153135197356,0.4747127336296181,0.6059798094965123,-0.17436440912984555,-1.0236718904043862,-0.4942301451734859,-0.2803121270531477,33.72
-1.156635304154861,-0.8364690620990217,2.173180310092446,1.7780313645935948,0.8397292604155064,-0.9849826445651525,-0.7432965476974152,-0.2803121270531477,8.54
-1.223753853226225,-0.8364690620990217,2.017357596655489,-0.7067179322122199,1.6848073183699666,1.284786444669884,-1.1791627521142913,-0.2803121270531477,13.46
-0.05397342655387668,-0.8364690620990217,0.5370418190044007,0.7935080583120455,0.8397292604155064,-0.5594009403335832,-0.13308386151378848,-0.2803121270531477,32.24
-1.2429305815323293,0.5335900038740716,0.5682063616917921,0.0433950630499128,0.16366681405193845,-0.2756798041792036,0.09107590075774785,-0.2803121270531477,23.52
-1.3004607664506413,1.1257341764556628,1.362902200220271,0.41845156068097916,0.33268242564283046,-0.09512999026278027,-1.6150289565311677,-0.2803121270531477,29.72
-0.17862216054355315,0.33620861301354127,0.3500545628800527,-0.5191896833966868,0.6707136488246145,-0.49491886393486056,-0.12063054138759202,-0.2803121270531477,49.77
0.32956113956820476,1.0328488160507074,-0.8653626019282094,-0.19101524796950367,0.6707136488246145,-0.7399507542500066,-0.1704438218923779,-0.2803121270531477,52.44
0.05149857912969573,0.5568113439753105,-0.8653626019282094,-0.6598358700083367,0.16366681405193845,-0.05644074442354669,0.26542238252449835,-0.2803121270531477,40.93
0.5500935150884017,-0.8364690620990217,-0.8653626019282094,-0.0034869991539704945,-0.5123956323116295,0.14990190005236573,0.551848745427017,-0.2803121270531477,44.86
-1.2812840381445374,-0.8364690620990217,1.22266175812701,-0.05036906135785379,0.8397292604155064,0.059626993094154035,0.4895821447960347,-0.2803121270531477,13.2
-1.2333422173792772,1.9152597398977842,-0.8653626019282094,-0.37854349678503685,1.0087448720063985,1.2203043682711614,-1.2165227124928808,-0.2803121270531477,37.43
-1.2908724022975895,1.1373448465062823,1.2070794867833143,0.46533362288486246,0.33268242564283046,-2.0682815280636926,0.40240890391265943,-0.2803121270531477,29.87
0.5021516943231414,1.1373448465062823,-0.8653626019282094,0.6059798094965123,0.33268242564283046,-2.106970773902926,0.36504894353407,-0.2803121270531477,56.61
-1.185400396614017,-0.8364690620990217,1.362902200220271,0.5122156850887458,0.5016980372337224,0.9365832321167817,-0.9425496697165586,-0.2803121270531477,12.46
-1.185400396614017,1.288283557164335,-0.8653626019282094,0.5122156850887458,0.5016980372337224,-1.2558073654397877,1.1869680718630367,-0.2803121270531477,23.79
-1.3771676796750578,-0.8364690620990217,1.7212944411252713,-0.09725112356173708,0.6707136488246145,-0.17250848194124743,0.40240890391265943,-0.2803121270531477,13.29
-0.12109197562524093,0.463925983570355,0.49029500497331374,-0.19101524796950367,0.6707136488246145,-0.8302256612082183,-0.3447903036591284,-0.2803121270531477,39.42
0.33914950372125685,0.8470780952407964,0.8954340599094011,-0.1441331857656204,0.33268242564283046,-1.3589786876777439,-1.029722910599934,-0.2803121270531477,46.23
0.32956113956820476,0.8470780952407964,-0.8653626019282094,-2.5820004203675517,0.33268242564283046,0.3304517139687891,0.6141153460579993,-0.2803121270531477,44.52
-1.2716956739914853,1.1721768566581405,-0.8653626019282094,-0.0034869991539704945,-0.5123956323116295,0.14990190005236573,0.551848745427017,-0.2803121270531477,23.74
-1.2908724022975895,0.7425820647852215,0.7863581605035315,-0.19101524796950367,0.16366681405193845,-0.43043678753613795,0.01635598000056907,-0.2803121270531477,26.14
-1.2525189456853814,-0.8364690620990217,1.970610782624402,-0.05036906135785379,1.5157917067790747,-1.7458711460700795,1.38622119388218,-0.2803121270531477,15.52
-0.01561996994166853,0.5219793338234522,0.5526240903480965,0.41845156068097916,0.16366681405193845,-0.3659547111374153,-1.328602593628649,-0.2803121270531477,43.57
0.18573567727242424,-0.8364690620990217,0.8019404318472271,-0.8473641188238699,1.1777604835972904,-0.2756798041792036,0.14088918126253372,-0.2803121270531477,35.86
0.32956113956820476,0.8470780952407964,-0.8653626019282094,-0.19101524796950367,0.33268242564283046,0.35624454452827814,-1.0421762307261304,-0.2803121270531477,41.05
-1.185400396614017,1.2998942272149543,1.362902200220271,0.5590977472926291,0.5016980372337224,-1.217118119600554,-0.9176430294641656,-0.2803121270531477,28.99
0.09944039989495591,0.7193607246839826,-0.8653626019282094,0.6059798094965123,-0.005348797538953545,-0.6496758472917948,-0.1579905017661814,-0.2803121270531477,46.24
-1.2525189456853814,1.1953981967593794,-0.8653626019282094,-0.5191896833966868,-0.6814112439025215,0.3304517139687891,0.6888352668151781,-0.2803121270531477,26.92
-1.2812840381445374,-0.8364690620990217,1.923863968593315,0.9341542449236955,0.33268242564283046,-1.9393173752662474,1.1994213919892331,-0.2803121270531477,10.54
0.32956113956820476,-0.8364690620990217,-0.8653626019282094,-0.19101524796950367,0.33268242564283046,0.3304517139687891,0.6141153460579993,-0.2803121270531477,25.1
-1.3675793155220057,1.0444594861013268,1.0980035873774447,-0.47230762119280345,0.6707136488246145,-0.6625722625715394,-0.10817722126139556,-0.2803121270531477,29.07
-1.185400396614017,-0.8364690620990217,1.362902200220271,0.5122156850887458,0.5016980372337224,-1.2558073654397877,1.1869680718630367,-0.2803121270531477,9.74
-0.22656398130881333,0.3129872729123024,0.33447229153635705,0.32468743627321256,-0.005348797538953545,-0.7141579236905174,-0.2949770231543425,-0.2803121270531477,33.8
-1.1182818475426528,1.5669396383792011,1.8147880691874454,1.5905031157780616,0.6707136488246145,-1.9651102058257366,-1.67729555716215,-0.2803121270531477,39.84
-1.3675793155220057,1.4392222678223876,0.661699989753966,0.7935080583120455,-0.005348797538953545,-1.6426998238321233,0.12843586113633723,-0.2803121270531477,26.97
-1.0991051192365486,1.0560701561519463,1.129168130064836,0.6997439339042789,0.33268242564283046,-0.17250848194124743,-1.6399355967835605,-0.2803121270531477,27.23
-1.1182818475426528,1.6482143287335373,1.69012989843788,0.9341542449236955,0.6707136488246145,-1.9909030363852256,-1.1542561118618986,-0.2803121270531477,30.65
-1.166223668307913,1.6482143287335373,1.5031426423135321,0.8403901205159289,0.5016980372337224,-2.00379945166497,-0.8553764288331833,-0.2803121270531477,33.05
-1.2429305815323293,0.9399634556457519,2.15759803874875,0.46533362288486246,0.33268242564283046,-0.5078152792146051,-1.8640953590550968,-0.2803121270531477,24.58
-1.3771676796750578,0.382651293216019,2.1420157674050544,0.6528618717003957,-0.005348797538953545,-0.12092282082226932,-1.6150289565311677,-0.2803121270531477,21.91
-1.1470469400018088,1.59016097848044,1.643383084406793,0.8872721827198121,0.16366681405193845,-1.6298034085523787,-1.2912426332500595,-0.2803121270531477,30.88
-1.2908724022975895,-0.6623090113397302,2.173180310092446,-0.28477937237727025,-0.005348797538953545,0.6012764348434241,-0.793109828202201,-0.2803121270531477,15.34
-1.194988760767069,1.18378752670876,2.017357596655489,2.153087862224661,0.16366681405193845,-1.6684926543916123,-2.001081880443258,-0.2803121270531477,24.34
-1.0703400267773926,1.3347262373668127,2.173180310092446,0.13715918745767938,0.16366681405193845,-0.9849826445651525,-1.702202197414543,-0.2803121270531477,23.89
-0.9073378361755079,0.1620485622542497,2.0952689533739672,1.4498569291664116,-0.005348797538953545,-0.6625722625715394,-1.8640953590550968,-0.2803121270531477,22.93
-1.1758120324609649,1.2302302069112379,2.0485221393428805,1.824913426797478,0.16366681405193845,-1.5524249168739117,-1.976175240190865,-0.2803121270531477,29.41
-0.40011337247905515,0.22822938154278052,0.2487697991460309,3.039158837878056,-0.005348797538953545,-1.566610973681631,-0.9624749819184732,-0.2803121270531477,28.63
0.3324376488141205,-0.8364690620990217,0.8954340599094011,-0.16757421686756202,0.33268242564283046,0.35495490300030336,-1.0459122267639887,-0.2803121270531477,36.8
-1.1873180694446273,1.2929278251845828,-0.8653626019282094,0.5262803037499113,0.5185995983928116,0.9417417982286808,-0.946285665754417,-0.2803121270531477,18.29
-1.2726545104067906,1.839790384568758,-0.8653626019282094,0.9575952760256371,-0.44478938767527276,-1.9006281294270138,1.2342906883425826,-0.2803121270531477,32.72
0.16655894896632017,-0.8364690620990217,0.7972657504441184,1.8436662516790316,0.7552214546200604,-2.0012201686090205,0.07115058855583323,-0.2803121270531477,31.42
-1.3953855715658567,1.6040937825411832,-0.8653626019282094,0.6387972530392302,-0.49549407115254035,-0.3221068991862842,0.2816116986885532,-0.2803121270531477,28.94
0.3324376488141205,0.8470780952407964,-0.8653626019282094,-0.16757421686756202,0.33268242564283046,-1.3821922351812834,0.6390219863103922,-0.2803121270531477,40.93
-1.218000834734394,-0.8364690620990217,0.878293561431336,0.10902995013534968,0.3157808644837413,0.22728039173083286,0.5381500932882006,-0.2803121270531477,12.18
-1.203618288504816,0.8470780952407964,0.8954340599094011,-0.16757421686756202,0.33268242564283046,0.35495490300030336,-1.0459122267639887,-0.2803121270531477,25.56
-1.3301846953251026,0.7031057866131153,0.7442860278755531,0.8544547391770944,0.2312730586882953,-0.7528471695297511,-0.24018241459907835,-0.2803121270531477,36.44
-1.2381363994558032,1.9036490698471649,-0.8653626019282094,-0.2941557848180464,1.1101542389609336,-1.6452791068880728,1.49456507898009,-0.2803121270531477,32.96
0.20299473274791802,-0.8364690620990217,1.0013935050465317,1.3795338358605866,0.6538120876655253,-1.2403316671040936,-0.5614780738549465,-0.2803121270531477,23.84
-1.203618288504816,0.8470780952407964,0.8954340599094011,-0.16757421686756202,0.33268242564283046,-1.3821922351812834,0.6390219863103922,-0.2803121270531477,26.23
-1.251560109270076,-0.8364690620990217,1.2631756636206186,-1.1239682858267817,1.701708879529056,0.35366526147232863,0.7149872390801909,-0.2803121270531477,17.96
0.45900405563440727,-0.8364690620990217,1.2834326163674232,0.7935080583120455,0.8059261380973282,-2.234645285172397,0.24674240233520364,-0.2803121270531477,38.63
-1.2074536341660367,0.8435948942256104,-0.8653626019282094,-0.18632704174911563,0.33268242564283046,0.3265827893848663,0.6166060100832391,-0.2803121270531477,19.01
-0.1604042686527545,0.44650997849442586,0.47627096076398756,0.6247326343780659,-0.17436440912984555,-1.0210926073484365,-0.49921147322396425,-0.2803121270531477,33.72
-1.15279995849364,-0.8364690620990217,2.171622082958076,1.7639667459324293,0.8397292604155064,-0.9888515691490753,-0.7445418797100352,-0.2803121270531477,8.54
-1.2266303624721409,-0.8364690620990217,2.0220322780585978,-0.7207825508733855,1.6172010737336096,1.2912346523097562,-1.1791627521142913,-0.2803121270531477,13.46
-0.057808772215097275,-0.8364690620990217,0.5308089104669224,0.77944343965088,0.7721230157791495,-0.5555320157496604,-0.13059319748854864,-0.2803121270531477,32.25
-1.2429305815323293,0.5289457358538238,0.5635316802886834,0.03870685682952474,0.1805683752110276,-0.2705212380673061,0.09481189679560623,-0.2803121270531477,23.52
-1.3004607664506413,1.1303784444759106,1.3582275188171622,0.4043869420198137,0.4002886702791873,-0.08997142415088276,-1.6088022964680695,-0.2803121270531477,29.73
-0.17958099695885857,0.3315643449932934,0.3562874714175311,-0.5379425082782403,0.7383198934609713,-0.49878778851878336,-0.12187587340021196,-0.2803121270531477,49.77
0.32860230315289934,1.0270434810253977,-0.8653626019282094,-0.20976807285105725,0.6031074041882576,-0.745109320361904,-0.16421716182927965,-0.2803121270531477,52.45
0.05149857912969573,0.5533281429601247,-0.8653626019282094,-0.6457712513471712,0.1974699363701169,-0.051282178311649176,0.2679130465497382,-0.2803121270531477,40.93
0.5548876971649277,-0.8364690620990217,-0.8653626019282094,-0.008175205374358558,-0.44478938767527276,0.14732261699641622,0.5493580814017771,-0.2803121270531477,44.87
-1.2832017109751477,-0.8364690620990217,1.2164288495895317,-0.05974547379862992,0.8566308215745956,0.0660752007340263,0.48335548473293644,-0.2803121270531477,13.2
-1.2333422173792772,1.9129376058876606,-0.8653626019282094,-0.387919909225813,0.9918433108473094,1.2241732928550841,-1.2190133765181206,-0.2803121270531477,37.43
-1.293748911543505,1.1396669805164061,1.200846578245836,0.4465807980033089,0.41719023143827644,-2.066991886535718,0.40614489995051783,-0.2803121270531477,29.87
0.49735751224661545,1.1327005784860344,-0.8653626019282094,0.6012916032761243,0.3495839868019196,-2.106970773902926,0.3687849395719284,-0.2803121270531477,56.62
-1.1873180694446273,-0.8364690620990217,1.3597857459515321,0.5262803037499113,0.5185995983928116,0.9417417982286808,-0.946285665754417,-0.2803121270531477,12.46
-1.1873180694446273,1.2929278251845828,-0.8653626019282094,0.5262803037499113,0.5185995983928116,-1.253228082383838,1.1832320758251782,-0.2803121270531477,23.79
-1.3800441889209734,-0.8364690620990217,1.7166197597221624,-0.08787471112096096,0.6707136488246145,-0.17250848194124743,0.4011635719000395,-0.2803121270531477,13.29
-0.11917430279463063,0.4674091845855408,0.4980861406451616,-0.19570345418989174,0.7383198934609713,-0.834094585792141,-0.35101696372222657,-0.2803121270531477,39.42
0.33914950372125685,0.8505612962559823,0.8985505141781402,-0.14882139198600844,0.33268242564283046,-1.357689046149769,-1.027232246574694,-0.2803121270531477,46.23
0.32668463032228906,0.8435948942256104,-0.8653626019282094,-2.567935801706387,0.33268242564283046,0.3265827893848663,0.6166060100832391,-0.2803121270531477,44.52
-1.274572183237401,1.1675325886378927,-0.8653626019282094,-0.008175205374358558,-0.44478938767527276,0.14732261699641622,0.5493580814017771,-0.2803121270531477,23.74
-1.2927900751281998,0.7460652658004074,0.7894746147722705,-0.18632704174911563,0.24817461984738445,-0.42398857989626565,0.020091976038427446,-0.2803121270531477,26.15
-1.251560109270076,-0.8364690620990217,1.9721690097587714,-0.03161623647630021,1.5157917067790747,-1.7471607875980544,1.3899571899200385,-0.2803121270531477,15.53
-0.01561996994166853,0.5196571998133283,0.5526240903480965,0.3996987357994256,0.16366681405193845,-0.35950650349754304,-1.3335839216791272,-0.2803121270531477,43.58
0.18669451368772966,-0.8364690620990217,0.8097315675190749,-0.8661169437054235,1.143957361279112,-0.2731005211232541,0.14088918126253372,-0.2803121270531477,35.87
0.3324376488141205,0.8470780952407964,-0.8653626019282094,-0.16757421686756202,0.33268242564283046,0.35495490300030336,-1.0459122267639887,-0.2803121270531477,41.05
-1.1834827237834067,1.2987331602098926,1.36601865448901,0.5497213348518529,0.5355011595519007,-1.2222766857124514,-0.9238696895272639,-0.2803121270531477,28.99
0.09944039989495591,0.7158775236687966,-0.8653626019282094,0.6012916032761243,-0.08985660333439954,-0.6483862057638201,-0.15674516975356148,-0.2803121270531477,46.25
-1.2544366185159916,1.1965592637644413,-0.8653626019282094,-0.5098132709559107,-0.6476081215843431,0.3304517139687891,0.6950619268782763,-0.2803121270531477,26.92
-1.2774486924833164,-0.8364690620990217,1.9223057414589455,0.9200896262625299,0.298879303324652,-1.9393173752662474,1.1956853959513747,-0.2803121270531477,10.54
0.32668463032228906,-0.8364690620990217,-0.8653626019282094,-0.18632704174911563,0.33268242564283046,0.3265827893848663,0.6166060100832391,-0.2803121270531477,25.1
-1.3637439698607847,1.039815218081079,1.0948871331087058,-0.49106044607435706,0.7383198934609713,-0.6677308286834369,-0.10319589321091725,-0.2803121270531477,29.07
-1.1873180694446273,-0.8364690620990217,1.3597857459515321,0.5262803037499113,0.5185995983928116,-1.253228082383838,1.1832320758251782,-0.2803121270531477,9.74
-0.22368747206289763,0.31066513890217845,0.33447229153635705,0.305934611391659,0.07915900825649246,-0.7141579236905174,-0.29124102711648414,-0.2803121270531477,33.8
-0.05589109938448698,0.38381236022108084,0.40926719398609623,1.2951461238935962,0.5016980372337224,-0.9076041528866854,-1.1579921078997568,-0.2803121270531477,37.17
-1.1182818475426528,1.3707193145237329,1.4423717840731187,-0.1535095982063965,2.1580510308244643,-1.7574779198218493,-0.3896222561134359,-0.2803121270531477,33.76
-1.1988241064282898,0.8377895592003007,0.8845264699688141,1.782719570813983,0.6876152099837036,-0.6599929795155899,-1.4294744866508406,-0.2803121270531477,16.5
-1.2669014919149593,0.4941137257019655,0.5261342290638137,0.9294660387033074,0.4678949149155442,-1.4750464251954445,0.7075152470044728,-0.2803121270531477,19.99
-1.2160831619037835,1.2313912739162995,1.2958984334423795,-0.6832769011102783,2.0735432250290184,-0.39174754169690434,-0.9724376380194298,-0.2803121270531477,36.35
0.29983721069374325,0.8215346211294338,0.8673859714907489,-0.6692122824491128,2.715802549074408,-0.7799296416172149,-1.512911731496356,-0.2803121270531477,38.22
-1.2947077479588103,-0.8364690620990217,1.8599766560841628,-1.109903667165616,2.005936980392661,-0.40851288156057164,0.8943150488974198,-0.2803121270531477,15.42
0.23943051652951586,0.7878636779826373,-0.8653626019282094,1.4732979602683534,0.028454324779224886,-1.0172236827645138,-0.6249900064985487,-0.2803121270531477,33.42
0.9173278621502947,-0.8364690620990217,-0.8653626019282094,0.380945910917872,0.11296213057467089,0.5006843956614174,-0.5266087775015971,-0.2803121270531477,39.06
-1.1508822856630296,0.8923597084382122,0.9421808739404881,-0.32697322836076553,1.5157917067790747,-0.27181087959528083,-0.6598593028518983,-0.2803121270531477,27.68
-1.208412470581342,1.9349978789838371,-0.8653626019282094,0.8403901205159289,0.04535588593831402,0.35366526147232863,-1.1056881633697326,-0.2803121270531477,26.86
0.30079604710904867,0.8215346211294338,-0.8653626019282094,-0.6645240762287247,0.6707136488246145,-0.7747710755053173,0.389955583786463,-0.2803121270531477,45.3
0.2509365535131782,-0.8364690620990217,0.6866316239038791,0.6528618717003957,0.6369105265064362,-0.19314274638883897,-0.840432444681747,-0.2803121270531477,30.12
-1.2247126896415303,-0.8364690620990217,2.000217098177424,-0.7254707570937735,0.9411386273700416,0.21696325950703785,-0.006059996226583995,-0.2803121270531477,15.57
-1.3110079670189987,1.0978685683341762,1.1556579913491185,-0.4019845278869785,0.8228276992564173,-1.183587439873218,0.15707849742658855,-0.2803121270531477,44.61
0.18381800444181395,0.7565148688459646,0.8003822047128576,0.9013368013809776,-0.005348797538953545,-1.2377523840481455,-1.4618531189789516,-0.2803121270531477,53.52
0.4091445620385368,1.0700029602126895,-0.8653626019282094,0.39501052957903754,-0.24197065376620241,-1.3460822723979993,0.01635598000056907,-0.2803121270531477,57.22
0.8377444396799627,1.3347262373668127,-0.8653626019282094,0.4325161793421447,0.0960605694155816,-1.9354484506823246,-0.19659579415739073,-0.2803121270531477,65.91
0.011227449686877281,0.6601463074258236,0.6990974409788357,-0.4535547963112499,0.5862058430291684,-1.9251313184585281,0.4011635719000395,-0.2803121270531477,52.83
-0.2543702373526643,0.29092699981612535,0.31265711165518306,0.5497213348518529,0.38338710912009816,-1.7910085995491853,0.6066433539822812,-0.2803121270531477,33.4
-1.0933521007447176,-0.8364690620990217,1.478211008163619,-0.02223982403552408,0.9580401885291308,0.6309381899868359,-0.5452887576908917,-0.2803121270531477,18.03
-1.179647378122186,1.9907290952268106,-0.8653626019282094,-0.08318650490057157,0.7890245769382387,0.6141728501231687,-0.9338323456282205,-0.2803121270531477,37.36
-1.1355409030181465,1.346336907417432,1.4158819227888364,0.9904127195683549,0.8904339438927742,-1.8787042234514475,-0.784392504113863,-0.2803121270531477,35.31
0.18669451368772966,-0.8364690620990217,0.8019404318472271,0.20279407454311627,0.011552763620135595,-1.2300145348802984,0.5294327691998639,-0.2803121270531477,42.64
0.37654412391815956,-0.8364690620990217,1.1057947230492924,1.2951461238935962,-0.05605348101622112,-1.4685982175555723,-0.44939819271917836,-0.2803121270531477,40.06
0.08314018083476755,0.5626166790006202,0.5978126772448139,0.2590525491877757,0.5355011595519007,-0.9024455867747878,-0.956248321855375,-0.2803121270531477,43.8
0.45037452789666066,1.0955464343240524,-0.8653626019282094,-0.37854349678503685,0.48479647607463333,-1.1964838551529624,0.21560910201971248,-0.2803121270531477,61.24
0.7409019617341369,-0.8364690620990217,1.341087020339097,0.5262803037499113,0.8397292604155064,-2.230776360588474,0.07115058855583323,-0.2803121270531477,40.87
-1.4059327721342139,1.5611343033538916,1.6418248572724234,-0.14882139198600844,-0.08985660333439954,-1.3860611597652075,-0.46185151284537485,-0.2803121270531477,33.31
0.42065059902219915,0.8888765074230263,-0.8653626019282094,0.17466483722078657,0.41719023143827644,-0.3014726347386927,-0.7868831681391029,-0.2803121270531477,52.43
-1.0971874464059383,-0.8364690620990217,2.2526498939452937,-0.04099264891707766,1.1101542389609336,-1.6130380686887116,0.9129950290867145,-0.2803121270531477,15.09
0.3372318308906465,-0.8364690620990217,0.8892011513719227,-0.5707599518209581,0.6876152099837036,-0.6329105074281276,0.1271905291237173,-0.2803121270531477,38.46
0.4101033984538417,-0.8364690620990217,1.1276099029304665,0.019954031947971154,0.9242370662109525,-1.3447926308700244,0.08733990471988948,-0.2803121270531477,37.27
-1.3321023681557134,1.0665197591975037,1.1244934486617275,2.5609618033984454,-0.03915191985713198,-1.3641372537896412,-1.4581171229410919,-0.2803121270531477,35.23
0.09368738140312446,0.56842201402593,-0.8653626019282094,-0.2191444852918334,0.16366681405193845,-0.857308133295682,0.7075152470044728,-0.2803121270531477,42.14
0.18765335010303455,-0.8364690620990217,0.8019404318472271,1.2951461238935962,0.8566308215745956,-1.2222766857124514,-0.354752959760085,-0.2803121270531477,31.88
-0.13547452185481898,0.4523153135197356,0.4825038693014659,0.629420840598454,-0.022250358698042684,-1.8284082038604441,0.2205904300701908,-0.2803121270531477,41.54
-1.139376248679367,2.066198450555837,-0.8653626019282094,-0.641083045126783,1.0425479943245768,0.9662449872601936,-1.052138886827087,-0.2803121270531477,39.46
-1.0799283909304447,2.1788219500468453,-0.8653626019282094,0.052771475490688925,1.1270558001200228,-1.4905221235311386,0.6738912826637418,-0.2803121270531477,37.92
-0.02137298843349997,0.5103686637728327,0.5417165004075094,-0.11600394844329068,0.48479647607463333,-1.3447926308700244,-0.054627944718751334,-0.2803121270531477,44.28
0.41777408977628344,-0.8364690620990217,0.9359479654030097,0.6528618717003957,0.7383198934609713,-2.017985508472689,0.5070167929727094,-0.2803121270531477,31.18
-1.2477247636088553,0.7820583429573277,0.82687206599714,0.4981510664275802,0.011552763620135595,-1.0572025701317223,0.09107590075774785,-0.2803121270531477,23.7
-1.1460881035865036,1.3312430363516268,-0.8653626019282094,-0.30353219725882385,0.8904339438927742,0.19632899505944632,0.2019104498808961,-0.2803121270531477,32.77
-0.16999263280580654,0.33040327798823155,0.3547292442831614,0.8685193578382585,0.4340917925973656,-1.417012556436594,-0.13931052157688673,-0.2803121270531477,32.4
